{
"type": "FeatureCollection",
"name": "masp_cities",
"crs": { "type": "name", "properties": { "name": "urn:ogc:def:crs:OGC:1.3:CRS84" } },
"features": [
{ "type": "Feature", "properties": { "code_muni": 3503901.0, "name_muni": "Arujá", "code_state": 35.0, "abbrev_sta": "SP", "name_state": "São Paulo", "code_regio": 3.0, "name_regio": "Sudeste" }, "geometry": { "type": "Polygon", "coordinates": [ [ [ -46.3053146, -23.3214005 ], [ -46.3037238, -23.3223019 ], [ -46.3038365, -23.3249229 ], [ -46.3022123, -23.3235822 ], [ -46.2991279, -23.3246125 ], [ -46.2986128, -23.3273863 ], [ -46.2964191, -23.3293509 ], [ -46.2982526, -23.3312516 ], [ -46.297016, -23.333403 ], [ -46.294513, -23.33355 ], [ -46.289858, -23.337197 ], [ -46.293739, -23.339797 ], [ -46.291726, -23.345995 ], [ -46.294151, -23.369851 ], [ -46.274708, -23.388531 ], [ -46.272589, -23.388883 ], [ -46.26682, -23.395477 ], [ -46.260665, -23.399879 ], [ -46.258412, -23.400048 ], [ -46.256206, -23.406249 ], [ -46.252927, -23.404663 ], [ -46.251567, -23.40593 ], [ -46.247678, -23.405621 ], [ -46.2505369, -23.4083182 ], [ -46.2491074, -23.4144887 ], [ -46.2561733, -23.4178114 ], [ -46.2559299, -23.4198443 ], [ -46.257936, -23.4205 ], [ -46.257147, -23.4219746 ], [ -46.2598884, -23.4228834 ], [ -46.2603626, -23.4264693 ], [ -46.268213, -23.430012 ], [ -46.272535, -23.4290549 ], [ -46.2737522, -23.4329308 ], [ -46.2754593, -23.433821 ], [ -46.2770287, -23.4343196 ], [ -46.2781764, -23.4331528 ], [ -46.2846462, -23.4352726 ], [ -46.2891535, -23.4343545 ], [ -46.2930121, -23.4299964 ], [ -46.29755, -23.430878 ], [ -46.298688, -23.427825 ], [ -46.3023986, -23.426198 ], [ -46.302994, -23.424579 ], [ -46.3108879, -23.4234619 ], [ -46.3115659, -23.4175122 ], [ -46.3129324, -23.41613 ], [ -46.316589, -23.419946 ], [ -46.317293, -23.423731 ], [ -46.3223181, -23.4255126 ], [ -46.3269637, -23.423465 ], [ -46.32814, -23.424728 ], [ -46.336884, -23.422911 ], [ -46.340112, -23.42359 ], [ -46.341671, -23.422049 ], [ -46.348998, -23.419971 ], [ -46.354459, -23.422665 ], [ -46.354848, -23.42624 ], [ -46.357863, -23.429752 ], [ -46.357434, -23.434751 ], [ -46.358421, -23.437278 ], [ -46.359392, -23.436935 ], [ -46.366791, -23.430137 ], [ -46.3671914, -23.4228507 ], [ -46.3710325, -23.4178106 ], [ -46.3720426, -23.4121932 ], [ -46.3756177, -23.4078471 ], [ -46.3752323, -23.4050429 ], [ -46.377608, -23.401729 ], [ -46.376781, -23.397088 ], [ -46.368581, -23.394221 ], [ -46.370547, -23.387402 ], [ -46.372848, -23.386014 ], [ -46.370379, -23.383225 ], [ -46.371263, -23.381343 ], [ -46.369956, -23.378476 ], [ -46.372039, -23.367404 ], [ -46.364632, -23.362673 ], [ -46.362869, -23.359472 ], [ -46.358244, -23.358504 ], [ -46.3558887, -23.3531724 ], [ -46.352109, -23.352439 ], [ -46.351446, -23.349969 ], [ -46.346972, -23.347841 ], [ -46.3433844, -23.3432754 ], [ -46.3441539, -23.3418098 ], [ -46.341762, -23.341271 ], [ -46.3398643, -23.3351073 ], [ -46.3347753, -23.3347136 ], [ -46.334434, -23.331754 ], [ -46.331945, -23.329976 ], [ -46.329639, -23.330867 ], [ -46.327097, -23.327678 ], [ -46.323083, -23.3282914 ], [ -46.323029, -23.326835 ], [ -46.319475, -23.3263497 ], [ -46.3188587, -23.3248731 ], [ -46.312873, -23.322097 ], [ -46.3118797, -23.3223295 ], [ -46.312276, -23.324737 ], [ -46.3053146, -23.3214005 ] ] ] } },
{ "type": "Feature", "properties": { "code_muni": 3505708.0, "name_muni": "Barueri", "code_state": 35.0, "abbrev_sta": "SP", "name_state": "São Paulo", "code_regio": 3.0, "name_regio": "Sudeste" }, "geometry": { "type": "Polygon", "coordinates": [ [ [ -46.801612, -23.479321 ], [ -46.800413, -23.484589 ], [ -46.804333, -23.485946 ], [ -46.8069206, -23.4930827 ], [ -46.8119416, -23.4982148 ], [ -46.8121118, -23.5015748 ], [ -46.808206, -23.506757 ], [ -46.808455, -23.509951 ], [ -46.815984, -23.51637 ], [ -46.81739, -23.520717 ], [ -46.821448, -23.521739 ], [ -46.823476, -23.518626 ], [ -46.828176, -23.517213 ], [ -46.832239, -23.513988 ], [ -46.83233, -23.51252 ], [ -46.836543, -23.510646 ], [ -46.838481, -23.510625 ], [ -46.844844, -23.515711 ], [ -46.854429, -23.516555 ], [ -46.8600978, -23.5232462 ], [ -46.8616219, -23.5219389 ], [ -46.8629278, -23.5227487 ], [ -46.862607, -23.525104 ], [ -46.8600058, -23.5274007 ], [ -46.8601691, -23.529055 ], [ -46.8624905, -23.5306131 ], [ -46.8607188, -23.5328262 ], [ -46.861949, -23.5346716 ], [ -46.860781, -23.537073 ], [ -46.862091, -23.537428 ], [ -46.861716, -23.540414 ], [ -46.862904, -23.54193 ], [ -46.861941, -23.544971 ], [ -46.860628, -23.544837 ], [ -46.872837, -23.550484 ], [ -46.8769775, -23.5486142 ], [ -46.881443, -23.5524305 ], [ -46.885439, -23.553316 ], [ -46.8910476, -23.5497697 ], [ -46.8905288, -23.5433976 ], [ -46.894664, -23.539065 ], [ -46.8917844, -23.5314945 ], [ -46.895486, -23.524377 ], [ -46.899926, -23.523944 ], [ -46.903443, -23.519415 ], [ -46.907197, -23.520019 ], [ -46.908649, -23.521628 ], [ -46.912637, -23.520612 ], [ -46.914423, -23.518572 ], [ -46.915191, -23.512473 ], [ -46.920941, -23.514201 ], [ -46.923386, -23.512959 ], [ -46.924881, -23.514593 ], [ -46.932112, -23.512972 ], [ -46.941829, -23.507559 ], [ -46.943885, -23.507615 ], [ -46.945576, -23.504663 ], [ -46.952459, -23.505478 ], [ -46.95859, -23.503157 ], [ -46.965394, -23.497805 ], [ -46.9634908, -23.4937315 ], [ -46.957273, -23.4913448 ], [ -46.9557186, -23.4894843 ], [ -46.956033, -23.4854459 ], [ -46.9541893, -23.4861382 ], [ -46.953253, -23.483829 ], [ -46.947134, -23.4849 ], [ -46.943853, -23.487871 ], [ -46.94182, -23.485958 ], [ -46.936579, -23.487839 ], [ -46.932443, -23.486847 ], [ -46.930205, -23.488343 ], [ -46.925446, -23.488793 ], [ -46.91971, -23.487072 ], [ -46.915121, -23.488225 ], [ -46.912587, -23.491305 ], [ -46.899495, -23.4914 ], [ -46.8965873, -23.4850043 ], [ -46.8886688, -23.484126 ], [ -46.888363, -23.474694 ], [ -46.8791709, -23.4708276 ], [ -46.8791861, -23.4772394 ], [ -46.8776164, -23.4800808 ], [ -46.8697341, -23.477382 ], [ -46.8614845, -23.4829327 ], [ -46.852566, -23.483908 ], [ -46.848662, -23.480916 ], [ -46.846473, -23.482762 ], [ -46.84425, -23.481827 ], [ -46.839768, -23.483354 ], [ -46.83725, -23.482805 ], [ -46.835274, -23.484609 ], [ -46.831993, -23.482644 ], [ -46.820783, -23.480488 ], [ -46.81951, -23.482291 ], [ -46.815253, -23.483788 ], [ -46.814147, -23.486109 ], [ -46.81259, -23.4844144 ], [ -46.810568, -23.4855324 ], [ -46.8082425, -23.4847038 ], [ -46.806428, -23.47589 ], [ -46.802477, -23.473299 ], [ -46.800691, -23.470356 ], [ -46.798735, -23.476762 ], [ -46.801612, -23.479321 ] ] ] } },
{ "type": "Feature", "properties": { "code_muni": 3506607.0, "name_muni": "Biritiba Mirim", "code_state": 35.0, "abbrev_sta": "SP", "name_state": "São Paulo", "code_regio": 3.0, "name_regio": "Sudeste" }, "geometry": { "type": "Polygon", "coordinates": [ [ [ -46.103293, -23.507261 ], [ -46.097772, -23.507665 ], [ -46.097588, -23.510021 ], [ -46.094178, -23.510659 ], [ -46.090343, -23.508203 ], [ -46.087801, -23.508139 ], [ -46.085307, -23.513017 ], [ -46.077039, -23.514675 ], [ -46.077746, -23.516648 ], [ -46.075332, -23.518201 ], [ -46.074928, -23.52102 ], [ -46.071402, -23.522987 ], [ -46.071924, -23.524922 ], [ -46.075777, -23.52805 ], [ -46.076083, -23.533797 ], [ -46.071196, -23.537326 ], [ -46.05695, -23.542169 ], [ -46.053062, -23.541213 ], [ -46.051113, -23.539009 ], [ -46.041134, -23.53832 ], [ -46.035693, -23.532233 ], [ -46.036083, -23.528334 ], [ -46.034431, -23.525504 ], [ -46.03086, -23.525673 ], [ -46.027971, -23.527141 ], [ -46.026233, -23.53035 ], [ -46.024739, -23.529716 ], [ -46.021209, -23.531197 ], [ -46.018068, -23.528828 ], [ -46.014713, -23.529754 ], [ -46.012507, -23.527896 ], [ -46.00652, -23.528001 ], [ -46.005577, -23.525287 ], [ -45.998123, -23.519065 ], [ -45.995119, -23.520975 ], [ -45.992664, -23.519916 ], [ -45.990116, -23.522581 ], [ -45.985689, -23.524387 ], [ -45.985366, -23.528321 ], [ -45.981123, -23.529404 ], [ -45.981552, -23.533075 ], [ -45.988664, -23.537764 ], [ -45.98045, -23.541682 ], [ -45.973766, -23.539361 ], [ -45.968858, -23.539497 ], [ -45.968764, -23.542745 ], [ -45.96519, -23.54398 ], [ -45.968913, -23.547665 ], [ -45.965068, -23.553597 ], [ -45.9652483, -23.5808013 ], [ -45.9475406, -23.5810124 ], [ -45.9404092, -23.5833772 ], [ -45.933826, -23.5883106 ], [ -45.9292514, -23.5984771 ], [ -45.9289333, -23.6036076 ], [ -45.9316787, -23.6112943 ], [ -45.951363, -23.6281994 ], [ -45.960205, -23.6334501 ], [ -45.9549786, -23.6348144 ], [ -45.9484209, -23.6338838 ], [ -45.9473547, -23.6356898 ], [ -45.9395423, -23.6322296 ], [ -45.9378235, -23.6349059 ], [ -45.9356914, -23.6355277 ], [ -45.9325977, -23.6326578 ], [ -45.9328034, -23.6357042 ], [ -45.9284097, -23.637454 ], [ -45.9286602, -23.6395036 ], [ -45.9326747, -23.6413082 ], [ -45.9313003, -23.6430273 ], [ -45.93551, -23.6428788 ], [ -45.9363599, -23.6439164 ], [ -45.9368694, -23.646574 ], [ -45.9337229, -23.647834 ], [ -45.9342389, -23.6489063 ], [ -45.9320923, -23.6514456 ], [ -45.9333135, -23.6522567 ], [ -45.9388525, -23.6513167 ], [ -45.9391865, -23.6527151 ], [ -45.93618, -23.6544711 ], [ -45.9383005, -23.6582281 ], [ -45.9355272, -23.6582884 ], [ -45.9342185, -23.6604342 ], [ -45.9321964, -23.6596024 ], [ -45.9309671, -23.6607165 ], [ -45.9310245, -23.6590872 ], [ -45.9299182, -23.6599107 ], [ -45.9286667, -23.6575698 ], [ -45.9239278, -23.6566154 ], [ -45.9249555, -23.655474 ], [ -45.9217065, -23.6558449 ], [ -45.9224297, -23.6579944 ], [ -45.920287, -23.658506 ], [ -45.92101, -23.664079 ], [ -45.91693, -23.665291 ], [ -45.915961, -23.667808 ], [ -45.917513, -23.669179 ], [ -45.918171, -23.677571 ], [ -45.924412, -23.681334 ], [ -45.919764, -23.688433 ], [ -45.923964, -23.68965 ], [ -45.925956, -23.693695 ], [ -45.931266, -23.698145 ], [ -45.936097, -23.701209 ], [ -45.940118, -23.701474 ], [ -45.941784, -23.699949 ], [ -45.95046, -23.702288 ], [ -45.951861, -23.699586 ], [ -45.956808, -23.700348 ], [ -45.956236, -23.697266 ], [ -45.954103, -23.695566 ], [ -45.954835, -23.694194 ], [ -45.96951, -23.696946 ], [ -45.971285, -23.694744 ], [ -45.976513, -23.694006 ], [ -45.987058, -23.699417 ], [ -45.992233, -23.705579 ], [ -45.996866, -23.704538 ], [ -46.004233, -23.708121 ], [ -46.008499, -23.708677 ], [ -46.016655, -23.714847 ], [ -46.025849, -23.71561 ], [ -46.026914, -23.718009 ], [ -46.031666, -23.720341 ], [ -46.043774, -23.720027 ], [ -46.056533, -23.715998 ], [ -46.065133, -23.722336 ], [ -46.067385, -23.728754 ], [ -46.077063, -23.732516 ], [ -46.095608, -23.73379 ], [ -46.097727, -23.735567 ], [ -46.102564, -23.73633 ], [ -46.103843, -23.733744 ], [ -46.106827, -23.732239 ], [ -46.105574, -23.72992 ], [ -46.10025, -23.729299 ], [ -46.096999, -23.72632 ], [ -46.101615, -23.722723 ], [ -46.100153, -23.720167 ], [ -46.100905, -23.71845 ], [ -46.099276, -23.716664 ], [ -46.099058, -23.712767 ], [ -46.093219, -23.704897 ], [ -46.086661, -23.688523 ], [ -46.082743, -23.683048 ], [ -46.081534, -23.673749 ], [ -46.082962, -23.664584 ], [ -46.088678, -23.665879 ], [ -46.091241, -23.665171 ], [ -46.096559, -23.667509 ], [ -46.100855, -23.667529 ], [ -46.103128, -23.665886 ], [ -46.100491, -23.661882 ], [ -46.097765, -23.660907 ], [ -46.098551, -23.653483 ], [ -46.09216, -23.648231 ], [ -46.090734, -23.64187 ], [ -46.088907, -23.640884 ], [ -46.088426, -23.638637 ], [ -46.094598, -23.625005 ], [ -46.093774, -23.623338 ], [ -46.094737, -23.623537 ], [ -46.088065, -23.612009 ], [ -46.08907, -23.60886 ], [ -46.087783, -23.607438 ], [ -46.087645, -23.602603 ], [ -46.089935, -23.59401 ], [ -46.091286, -23.592979 ], [ -46.089709, -23.589476 ], [ -46.090596, -23.582593 ], [ -46.087945, -23.577571 ], [ -46.089086, -23.570931 ], [ -46.09386, -23.565187 ], [ -46.094493, -23.562314 ], [ -46.099425, -23.560626 ], [ -46.102337, -23.555605 ], [ -46.1052559, -23.5546018 ], [ -46.1065355, -23.5553838 ], [ -46.11117, -23.55271 ], [ -46.10884, -23.551006 ], [ -46.10997, -23.548341 ], [ -46.108465, -23.547359 ], [ -46.108849, -23.544795 ], [ -46.112126, -23.540789 ], [ -46.108586, -23.531459 ], [ -46.101704, -23.526948 ], [ -46.099621, -23.524116 ], [ -46.100003, -23.52144 ], [ -46.108031, -23.511395 ], [ -46.10389, -23.512474 ], [ -46.103293, -23.507261 ] ] ] } },
{ "type": "Feature", "properties": { "code_muni": 3509007.0, "name_muni": "Caieiras", "code_state": 35.0, "abbrev_sta": "SP", "name_state": "São Paulo", "code_regio": 3.0, "name_regio": "Sudeste" }, "geometry": { "type": "Polygon", "coordinates": [ [ [ -46.756265, -23.327932 ], [ -46.75159, -23.326702 ], [ -46.751393, -23.327983 ], [ -46.749734, -23.327915 ], [ -46.749969, -23.329824 ], [ -46.747195, -23.331565 ], [ -46.741764, -23.341308 ], [ -46.74176, -23.348308 ], [ -46.74005, -23.349084 ], [ -46.741238, -23.349391 ], [ -46.741851, -23.352779 ], [ -46.743572, -23.352944 ], [ -46.742902, -23.354987 ], [ -46.724923, -23.357213 ], [ -46.7222011, -23.3569245 ], [ -46.7221537, -23.3556157 ], [ -46.716008, -23.35541 ], [ -46.708699, -23.359949 ], [ -46.706503, -23.363211 ], [ -46.700666, -23.363124 ], [ -46.698887, -23.361678 ], [ -46.689736, -23.368309 ], [ -46.685275, -23.365171 ], [ -46.681569, -23.367995 ], [ -46.66972, -23.363236 ], [ -46.66741, -23.374249 ], [ -46.664351, -23.375927 ], [ -46.6600894, -23.3752119 ], [ -46.659499, -23.380964 ], [ -46.660639, -23.382309 ], [ -46.6567451, -23.3841094 ], [ -46.6556844, -23.386459 ], [ -46.659224699999989, -23.3896688 ], [ -46.6563661, -23.3910717 ], [ -46.6573255, -23.3939797 ], [ -46.6549397, -23.3949808 ], [ -46.6641, -23.4065149 ], [ -46.6665603, -23.4129435 ], [ -46.669488, -23.4158518 ], [ -46.6697514, -23.418593 ], [ -46.672481, -23.419177 ], [ -46.676971, -23.41544 ], [ -46.682273, -23.417662 ], [ -46.684912, -23.419558 ], [ -46.686588, -23.426962 ], [ -46.692339, -23.422729 ], [ -46.695861, -23.42432 ], [ -46.698959, -23.423874 ], [ -46.700414, -23.422487 ], [ -46.700098, -23.417347 ], [ -46.708468, -23.416494 ], [ -46.710647, -23.406521 ], [ -46.717205, -23.406643 ], [ -46.719885, -23.403656 ], [ -46.720307, -23.397546 ], [ -46.725096, -23.394805 ], [ -46.73033, -23.393994 ], [ -46.735457, -23.388118 ], [ -46.751542, -23.390274 ], [ -46.754248, -23.387508 ], [ -46.760283, -23.385989 ], [ -46.761435, -23.387112 ], [ -46.764427, -23.386193 ], [ -46.764236, -23.384921 ], [ -46.767517, -23.386868 ], [ -46.767848, -23.389299 ], [ -46.770214, -23.388711 ], [ -46.77092, -23.397481 ], [ -46.775453, -23.396813 ], [ -46.777326, -23.397783 ], [ -46.776445, -23.398864 ], [ -46.783412, -23.398718 ], [ -46.782589, -23.403449 ], [ -46.786049, -23.405017 ], [ -46.789368, -23.403657 ], [ -46.788448, -23.402689 ], [ -46.792049, -23.40235 ], [ -46.791301, -23.401443 ], [ -46.793707, -23.399632 ], [ -46.797259, -23.401566 ], [ -46.796507, -23.40271 ], [ -46.798604, -23.401975 ], [ -46.799391, -23.40284 ], [ -46.800645, -23.401419 ], [ -46.798675, -23.400161 ], [ -46.798819, -23.398849 ], [ -46.802715, -23.394789 ], [ -46.804344, -23.395579 ], [ -46.802902, -23.39659 ], [ -46.807655, -23.397877 ], [ -46.80771, -23.399409 ], [ -46.812311, -23.398754 ], [ -46.814752, -23.400159 ], [ -46.817152, -23.399286 ], [ -46.819858, -23.400189 ], [ -46.820824, -23.402025 ], [ -46.822973, -23.401034 ], [ -46.823674, -23.3309772 ], [ -46.821469, -23.33231 ], [ -46.818921, -23.337064 ], [ -46.814051, -23.33764 ], [ -46.811018, -23.336198 ], [ -46.801102, -23.341426 ], [ -46.800161, -23.344488 ], [ -46.793082, -23.345966 ], [ -46.7914, -23.343989 ], [ -46.788328, -23.343958 ], [ -46.787751, -23.34611 ], [ -46.781556, -23.349276 ], [ -46.778685, -23.344694 ], [ -46.777928, -23.336723 ], [ -46.773709, -23.334638 ], [ -46.765301, -23.334535 ], [ -46.757643, -23.330546 ], [ -46.756265, -23.327932 ] ] ] } },
{ "type": "Feature", "properties": { "code_muni": 3509205.0, "name_muni": "Cajamar", "code_state": 35.0, "abbrev_sta": "SP", "name_state": "São Paulo", "code_regio": 3.0, "name_regio": "Sudeste" }, "geometry": { "type": "Polygon", "coordinates": [ [ [ -46.867464, -23.277939 ], [ -46.865131, -23.279636 ], [ -46.862539, -23.278496 ], [ -46.860967, -23.281786 ], [ -46.849939, -23.285617 ], [ -46.846878, -23.284513 ], [ -46.846075, -23.282099 ], [ -46.842849, -23.282957 ], [ -46.838064, -23.287844 ], [ -46.842842, -23.291971 ], [ -46.840821, -23.302327 ], [ -46.836285, -23.305585 ], [ -46.835858, -23.307882 ], [ -46.833018, -23.310439 ], [ -46.828664, -23.309899 ], [ -46.82174, -23.313824 ], [ -46.825853, -23.319964 ], [ -46.82462, -23.321137 ], [ -46.825551, -23.323772 ], [ -46.8235393, -23.3292534 ], [ -46.822973, -23.401034 ], [ -46.82553, -23.404174 ], [ -46.824193, -23.40627 ], [ -46.826199, -23.408818 ], [ -46.822399, -23.411868 ], [ -46.819653, -23.418123 ], [ -46.8232126, -23.4223684 ], [ -46.824449, -23.4218718 ], [ -46.8294606, -23.4244476 ], [ -46.830231, -23.4293659 ], [ -46.8317718, -23.4302919 ], [ -46.842500799999989, -23.4210366 ], [ -46.84888, -23.4215875 ], [ -46.8497447, -23.4202407 ], [ -46.8530994, -23.4215834 ], [ -46.8572218, -23.418888 ], [ -46.8628151, -23.4195149 ], [ -46.865423, -23.416532 ], [ -46.8690249, -23.4156307 ], [ -46.867852899999988, -23.4117461 ], [ -46.8696982, -23.411129 ], [ -46.867261, -23.404947 ], [ -46.869923, -23.403111 ], [ -46.870545, -23.400903 ], [ -46.8724192, -23.4013488 ], [ -46.8734936, -23.3993103 ], [ -46.8783678, -23.3978951 ], [ -46.8785101, -23.3968555 ], [ -46.8798397, -23.397382 ], [ -46.880004199999988, -23.3962005 ], [ -46.8850279, -23.3952797 ], [ -46.8864757, -23.3962897 ], [ -46.8859165, -23.3982475 ], [ -46.8876704, -23.3985785 ], [ -46.8866889, -23.3994962 ], [ -46.8890469, -23.397899 ], [ -46.8918753, -23.3999201 ], [ -46.9013594, -23.3995426 ], [ -46.901522, -23.3984972 ], [ -46.9026894, -23.3997227 ], [ -46.9066619, -23.3951113 ], [ -46.9084681, -23.3943156 ], [ -46.90956, -23.3957501 ], [ -46.9122664, -23.392399 ], [ -46.9146418, -23.39237 ], [ -46.9147522, -23.3907206 ], [ -46.9128007, -23.3899133 ], [ -46.9134837, -23.3866386 ], [ -46.9185388, -23.3901166 ], [ -46.9238704, -23.3888737 ], [ -46.928516, -23.3894053 ], [ -46.9319018, -23.3791417 ], [ -46.9275244, -23.3763644 ], [ -46.9203304, -23.3767136 ], [ -46.9125636, -23.3723507 ], [ -46.9103885, -23.3690362 ], [ -46.9060683, -23.3695071 ], [ -46.9050716, -23.3674888 ], [ -46.9023422, -23.3664316 ], [ -46.9023009, -23.3593314 ], [ -46.9116091, -23.3530206 ], [ -46.917259, -23.3563189 ], [ -46.9280058, -23.3564365 ], [ -46.9295739, -23.3615747 ], [ -46.9341603, -23.3647224 ], [ -46.9346914, -23.3607608 ], [ -46.9373398, -23.3590374 ], [ -46.9406594, -23.3535085 ], [ -46.9381329, -23.3468327 ], [ -46.9379437, -23.3218533 ], [ -46.9356444, -23.3176139 ], [ -46.9335654, -23.317077 ], [ -46.9308956, -23.3116694 ], [ -46.926576, -23.3108793 ], [ -46.9224067, -23.3079266 ], [ -46.9184298, -23.310722 ], [ -46.9154444, -23.3082956 ], [ -46.9080837, -23.308995 ], [ -46.9019133, -23.3075829 ], [ -46.9010357, -23.305245 ], [ -46.8971209, -23.3043403 ], [ -46.8954195, -23.3017963 ], [ -46.8900296, -23.2998155 ], [ -46.8870433, -23.2961717 ], [ -46.8855537, -23.2905306 ], [ -46.881614, -23.2891296 ], [ -46.877194, -23.2909482 ], [ -46.8777973, -23.2875724 ], [ -46.8758036, -23.2837155 ], [ -46.869642, -23.282185 ], [ -46.867464, -23.277939 ] ] ] } },
{ "type": "Feature", "properties": { "code_muni": 3510609.0, "name_muni": "Carapicuíba", "code_state": 35.0, "abbrev_sta": "SP", "name_state": "São Paulo", "code_regio": 3.0, "name_regio": "Sudeste" }, "geometry": { "type": "Polygon", "coordinates": [ [ [ -46.832867, -23.512127 ], [ -46.829637, -23.515915 ], [ -46.823476, -23.518626 ], [ -46.821448, -23.521739 ], [ -46.81739, -23.520717 ], [ -46.816492, -23.524976 ], [ -46.817384, -23.540302 ], [ -46.820706, -23.543716 ], [ -46.821827, -23.548869 ], [ -46.819977, -23.554034 ], [ -46.820614, -23.558823 ], [ -46.817822, -23.562227 ], [ -46.818034, -23.565855 ], [ -46.8143896, -23.5696012 ], [ -46.815589, -23.576524 ], [ -46.818004, -23.580782 ], [ -46.817343, -23.581932 ], [ -46.8212473, -23.5842548 ], [ -46.8248147, -23.5838546 ], [ -46.826519, -23.582007 ], [ -46.830397, -23.581017 ], [ -46.834606, -23.576629 ], [ -46.8432242, -23.5772358 ], [ -46.843922, -23.582658 ], [ -46.8513373, -23.5816947 ], [ -46.853667, -23.582825 ], [ -46.859111, -23.580028 ], [ -46.860559, -23.577177 ], [ -46.8647488, -23.577807 ], [ -46.865899, -23.576232 ], [ -46.867455, -23.576354 ], [ -46.867464, -23.573108 ], [ -46.870705, -23.572968 ], [ -46.87327, -23.569599 ], [ -46.875688, -23.570858 ], [ -46.876762, -23.566518 ], [ -46.875588, -23.561117 ], [ -46.87094, -23.560881 ], [ -46.872623, -23.558348 ], [ -46.870942, -23.55719 ], [ -46.872379, -23.554214 ], [ -46.866886, -23.555086 ], [ -46.864907, -23.553734 ], [ -46.86359, -23.554689 ], [ -46.861174, -23.551829 ], [ -46.861954, -23.550488 ], [ -46.860589, -23.550332 ], [ -46.862329, -23.547436 ], [ -46.860539, -23.544939 ], [ -46.861941, -23.544971 ], [ -46.862904, -23.54193 ], [ -46.861716, -23.540414 ], [ -46.862091, -23.537428 ], [ -46.860781, -23.537073 ], [ -46.861949, -23.5346716 ], [ -46.8607188, -23.5328262 ], [ -46.8624905, -23.5306131 ], [ -46.8601691, -23.529055 ], [ -46.8600058, -23.5274007 ], [ -46.862607, -23.525104 ], [ -46.8629278, -23.5227487 ], [ -46.8616219, -23.5219389 ], [ -46.8600978, -23.5232462 ], [ -46.854429, -23.516555 ], [ -46.844844, -23.515711 ], [ -46.838481, -23.510625 ], [ -46.832867, -23.512127 ] ] ] } },
{ "type": "Feature", "properties": { "code_muni": 3513009.0, "name_muni": "Cotia", "code_state": 35.0, "abbrev_sta": "SP", "name_state": "São Paulo", "code_regio": 3.0, "name_regio": "Sudeste" }, "geometry": { "type": "Polygon", "coordinates": [ [ [ -46.911119, -23.563057 ], [ -46.910672, -23.564088 ], [ -46.908381, -23.566793 ], [ -46.904446, -23.568249 ], [ -46.889524, -23.567615 ], [ -46.8861817, -23.5694063 ], [ -46.875956, -23.56528 ], [ -46.875688, -23.570858 ], [ -46.87327, -23.569599 ], [ -46.870705, -23.572968 ], [ -46.867464, -23.573108 ], [ -46.867455, -23.576354 ], [ -46.865899, -23.576232 ], [ -46.8647488, -23.577807 ], [ -46.860559, -23.577177 ], [ -46.859111, -23.580028 ], [ -46.8535421, -23.582857 ], [ -46.8513373, -23.5816947 ], [ -46.843922, -23.582658 ], [ -46.8432242, -23.5772358 ], [ -46.834606, -23.576629 ], [ -46.830397, -23.581017 ], [ -46.826519, -23.582007 ], [ -46.8248147, -23.5838546 ], [ -46.8212473, -23.5842548 ], [ -46.8173323, -23.5818559 ], [ -46.8167, -23.588057 ], [ -46.813285, -23.58879 ], [ -46.813256, -23.593244 ], [ -46.817955, -23.600231 ], [ -46.815962, -23.603136 ], [ -46.810367, -23.604942 ], [ -46.807775, -23.609067 ], [ -46.818735, -23.613443 ], [ -46.822562, -23.619055 ], [ -46.8395243, -23.6272935 ], [ -46.841477, -23.62443 ], [ -46.845833, -23.622585 ], [ -46.8487926, -23.6194759 ], [ -46.854078, -23.61977 ], [ -46.856056, -23.613113 ], [ -46.85765, -23.612323 ], [ -46.86456, -23.616756 ], [ -46.869781, -23.624179 ], [ -46.872514, -23.621813 ], [ -46.8778242, -23.6214431 ], [ -46.880162, -23.61919 ], [ -46.885622, -23.619859 ], [ -46.887784, -23.624463 ], [ -46.893407, -23.626314 ], [ -46.895883, -23.628605 ], [ -46.900272, -23.627965 ], [ -46.902066, -23.630279 ], [ -46.907902, -23.630781 ], [ -46.906958, -23.632777 ], [ -46.909217, -23.638975 ], [ -46.908669, -23.64241 ], [ -46.915567, -23.649559 ], [ -46.914997, -23.652422 ], [ -46.918289, -23.656816 ], [ -46.917749, -23.659885 ], [ -46.911483, -23.663221 ], [ -46.90336, -23.664815 ], [ -46.901106, -23.669461 ], [ -46.893846, -23.669634 ], [ -46.890628, -23.667474 ], [ -46.887452, -23.667848 ], [ -46.893522, -23.671134 ], [ -46.897467, -23.677338 ], [ -46.895468, -23.679923 ], [ -46.898507, -23.684039 ], [ -46.898533, -23.687353 ], [ -46.897265, -23.688155 ], [ -46.899979, -23.690048 ], [ -46.900245, -23.700017 ], [ -46.901955, -23.702149 ], [ -46.903741, -23.711669 ], [ -46.909744, -23.719947 ], [ -46.915493, -23.725144 ], [ -46.922767, -23.727265 ], [ -46.923107, -23.731984 ], [ -46.927649, -23.730238 ], [ -46.931385, -23.7329 ], [ -46.9334176, -23.7362934 ], [ -46.933703, -23.739755 ], [ -46.93071, -23.743926 ], [ -46.93076, -23.746397 ], [ -46.927479, -23.749916 ], [ -46.930214, -23.751359 ], [ -46.931632, -23.754616 ], [ -46.9294762, -23.7588494 ], [ -46.935792, -23.765903 ], [ -46.934137, -23.771702 ], [ -46.938985, -23.777932 ], [ -46.939645, -23.785148 ], [ -46.942386, -23.786825 ], [ -46.947814, -23.787155 ], [ -46.948851, -23.791072 ], [ -46.950797, -23.792681 ], [ -46.955069, -23.791443 ], [ -46.958358, -23.79219 ], [ -46.959936, -23.788107 ], [ -46.965894, -23.784066 ], [ -46.963841, -23.77974 ], [ -46.967565, -23.774577 ], [ -46.971803, -23.777318 ], [ -46.972311, -23.778955 ], [ -46.976347, -23.779187 ], [ -46.982193, -23.783997 ], [ -46.982395, -23.786974 ], [ -46.979862, -23.790262 ], [ -46.980903, -23.795057 ], [ -46.9836, -23.797571 ], [ -46.986598, -23.797642 ], [ -46.992901, -23.803426 ], [ -46.995257, -23.801896 ], [ -46.996592, -23.802721 ], [ -46.998841, -23.801142 ], [ -47.000501, -23.801683 ], [ -47.002088, -23.798944 ], [ -47.005409, -23.797341 ], [ -47.008589, -23.79185 ], [ -47.014098, -23.792211 ], [ -47.019268, -23.788647 ], [ -47.023595, -23.779702 ], [ -47.023152, -23.775075 ], [ -47.025243, -23.774345 ], [ -47.026032, -23.771731 ], [ -47.0318955, -23.7695143 ], [ -47.0335325, -23.7674574 ], [ -47.0329229, -23.7643307 ], [ -47.0287827, -23.7616204 ], [ -47.0286012, -23.7573594 ], [ -47.0325975, -23.7563851 ], [ -47.0346597, -23.7578962 ], [ -47.0362733, -23.7535987 ], [ -47.0351411, -23.7506004 ], [ -47.0360685, -23.7484265 ], [ -47.0336167, -23.7474075 ], [ -47.032243199999989, -23.7430481 ], [ -47.0332567, -23.7374606 ], [ -47.0343855, -23.7355771 ], [ -47.0387498, -23.735052 ], [ -47.0409051, -23.7367835 ], [ -47.0441394, -23.736789 ], [ -47.0491225, -23.7324678 ], [ -47.0525716, -23.7203992 ], [ -47.0563122, -23.7186885 ], [ -47.0577451, -23.7126622 ], [ -47.0624598, -23.708631 ], [ -47.0613996, -23.7038626 ], [ -47.0594382, -23.7019594 ], [ -47.062983, -23.6897975 ], [ -47.0621606, -23.6824693 ], [ -47.0694167, -23.680258 ], [ -47.075984, -23.680787 ], [ -47.078022, -23.676175 ], [ -47.076672, -23.673305 ], [ -47.08194, -23.671009 ], [ -47.084756, -23.667156 ], [ -47.081944, -23.664251 ], [ -47.083449, -23.661371 ], [ -47.081856, -23.660596 ], [ -47.081783, -23.658862 ], [ -47.083265, -23.658016 ], [ -47.081109, -23.654366 ], [ -47.082265, -23.653598 ], [ -47.079784, -23.652995 ], [ -47.079133, -23.653929 ], [ -47.077933, -23.65263 ], [ -47.076519, -23.65368 ], [ -47.07381, -23.652021 ], [ -47.074355, -23.64984 ], [ -47.072657, -23.645367 ], [ -47.066894, -23.646185 ], [ -47.062039, -23.643868 ], [ -47.058989, -23.639732 ], [ -47.058052, -23.635668 ], [ -47.059791, -23.629032 ], [ -47.055853, -23.628408 ], [ -47.0524454, -23.6307352 ], [ -47.045147, -23.631458 ], [ -47.043524, -23.636547 ], [ -47.036528, -23.640216 ], [ -47.033678, -23.643514 ], [ -47.023978, -23.64391 ], [ -47.019792, -23.65418 ], [ -47.017429, -23.656699 ], [ -47.011981, -23.656004 ], [ -47.004291, -23.662252 ], [ -46.996592, -23.661464 ], [ -46.996524, -23.668303 ], [ -46.994471, -23.670765 ], [ -46.992319, -23.666812 ], [ -46.988079, -23.665149 ], [ -46.988979, -23.659981 ], [ -46.986339, -23.658224 ], [ -46.986829, -23.655516 ], [ -46.985721, -23.654321 ], [ -46.9911295, -23.6484536 ], [ -46.9921105, -23.6455978 ], [ -46.9898298, -23.6412699 ], [ -46.988943, -23.634461 ], [ -46.987193, -23.632984 ], [ -46.9893641, -23.6178108 ], [ -46.988101, -23.6126545 ], [ -46.9901299, -23.6090271 ], [ -46.985457, -23.607313 ], [ -46.981456, -23.602158 ], [ -46.977504, -23.60156 ], [ -46.974023, -23.603795 ], [ -46.966516, -23.601192 ], [ -46.961653, -23.602515 ], [ -46.957676, -23.597522 ], [ -46.956657, -23.590544 ], [ -46.948763, -23.586196 ], [ -46.947042, -23.580008 ], [ -46.940161, -23.57529 ], [ -46.940323, -23.571397 ], [ -46.9295517, -23.5658136 ], [ -46.9290957, -23.5632274 ], [ -46.918914, -23.565407 ], [ -46.911119, -23.563057 ] ] ] } },
{ "type": "Feature", "properties": { "code_muni": 3513801.0, "name_muni": "Diadema", "code_state": 35.0, "abbrev_sta": "SP", "name_state": "São Paulo", "code_regio": 3.0, "name_regio": "Sudeste" }, "geometry": { "type": "Polygon", "coordinates": [ [ [ -46.617227, -23.657341 ], [ -46.6152693, -23.6613052 ], [ -46.613075, -23.663453 ], [ -46.613038, -23.666425 ], [ -46.6090897, -23.6695121 ], [ -46.601691, -23.662779 ], [ -46.596327, -23.66343 ], [ -46.600059, -23.670771 ], [ -46.5913351, -23.6773016 ], [ -46.58334, -23.67259 ], [ -46.577515, -23.671979 ], [ -46.580645, -23.67721 ], [ -46.578621, -23.680183 ], [ -46.580194, -23.684846 ], [ -46.578871, -23.690311 ], [ -46.587971, -23.697331 ], [ -46.590774, -23.706894 ], [ -46.599282, -23.712834 ], [ -46.600636, -23.716425 ], [ -46.604881, -23.718465 ], [ -46.6070345, -23.7279596 ], [ -46.6055759, -23.7314079 ], [ -46.6093396, -23.7339497 ], [ -46.6113792, -23.7373741 ], [ -46.6173614, -23.7375389 ], [ -46.6191046, -23.7390656 ], [ -46.6246365, -23.7359621 ], [ -46.626083, -23.737391 ], [ -46.629129, -23.735329 ], [ -46.6341076, -23.7361568 ], [ -46.6360014, -23.7338324 ], [ -46.6384986, -23.7338293 ], [ -46.6398451, -23.7316809 ], [ -46.651291, -23.731012 ], [ -46.6365499, -23.7252543 ], [ -46.6277815, -23.7163542 ], [ -46.6225324, -23.7157858 ], [ -46.616357, -23.710513 ], [ -46.61774, -23.707801 ], [ -46.624368, -23.705209 ], [ -46.6239649, -23.7024835 ], [ -46.6262729, -23.7028773 ], [ -46.629146, -23.697664 ], [ -46.631721, -23.696402 ], [ -46.632623, -23.691669 ], [ -46.635732, -23.69025 ], [ -46.63322, -23.686194 ], [ -46.633458, -23.681831 ], [ -46.630594, -23.679936 ], [ -46.631084, -23.67286 ], [ -46.62704, -23.66844 ], [ -46.626395, -23.659542 ], [ -46.622776, -23.661314 ], [ -46.617227, -23.657341 ] ] ] } },
{ "type": "Feature", "properties": { "code_muni": 3515004.0, "name_muni": "Embu das Artes", "code_state": 35.0, "abbrev_sta": "SP", "name_state": "São Paulo", "code_regio": 3.0, "name_regio": "Sudeste" }, "geometry": { "type": "Polygon", "coordinates": [ [ [ -46.809392, -23.618062 ], [ -46.811801, -23.623308 ], [ -46.8094212, -23.6259447 ], [ -46.8120611, -23.6277622 ], [ -46.8126556, -23.6301589 ], [ -46.815656, -23.631911 ], [ -46.816575, -23.63508 ], [ -46.818574, -23.636327 ], [ -46.821622, -23.635856 ], [ -46.7927144, -23.6470751 ], [ -46.791872, -23.65181 ], [ -46.795483, -23.665292 ], [ -46.795448, -23.670163 ], [ -46.799901, -23.678196 ], [ -46.799633, -23.6813 ], [ -46.801992, -23.68565 ], [ -46.803284, -23.685032 ], [ -46.8142435, -23.6882077 ], [ -46.816582, -23.686984 ], [ -46.8199382, -23.6876551 ], [ -46.8227542, -23.683328 ], [ -46.8228429, -23.6779735 ], [ -46.82681, -23.675788 ], [ -46.832894, -23.678522 ], [ -46.845719, -23.68081 ], [ -46.849298, -23.685267 ], [ -46.854264, -23.682746 ], [ -46.860195, -23.683438 ], [ -46.8625709, -23.6815544 ], [ -46.871603, -23.68325 ], [ -46.873792, -23.678543 ], [ -46.8799697, -23.6759062 ], [ -46.8825, -23.67188 ], [ -46.884477, -23.671518 ], [ -46.887452, -23.667848 ], [ -46.890628, -23.667474 ], [ -46.893846, -23.669634 ], [ -46.901106, -23.669461 ], [ -46.90336, -23.664815 ], [ -46.91455, -23.66216 ], [ -46.915729, -23.660257 ], [ -46.917778, -23.659825 ], [ -46.918289, -23.656816 ], [ -46.914935, -23.652191 ], [ -46.915567, -23.649559 ], [ -46.908669, -23.64241 ], [ -46.909217, -23.638975 ], [ -46.906958, -23.632777 ], [ -46.907902, -23.630781 ], [ -46.902066, -23.630279 ], [ -46.900272, -23.627965 ], [ -46.895883, -23.628605 ], [ -46.893407, -23.626314 ], [ -46.887784, -23.624463 ], [ -46.885622, -23.619859 ], [ -46.880162, -23.61919 ], [ -46.8778242, -23.6214431 ], [ -46.872514, -23.621813 ], [ -46.869781, -23.624179 ], [ -46.86456, -23.616756 ], [ -46.856961, -23.61238 ], [ -46.854078, -23.61977 ], [ -46.8487926, -23.6194759 ], [ -46.845833, -23.622585 ], [ -46.841477, -23.62443 ], [ -46.8395243, -23.6272935 ], [ -46.822562, -23.619055 ], [ -46.8190382, -23.6136305 ], [ -46.810173, -23.61011 ], [ -46.812708, -23.613375 ], [ -46.809392, -23.618062 ] ] ] } },
{ "type": "Feature", "properties": { "code_muni": 3515103.0, "name_muni": "Embu-Guaçu", "code_state": 35.0, "abbrev_sta": "SP", "name_state": "São Paulo", "code_regio": 3.0, "name_regio": "Sudeste" }, "geometry": { "type": "Polygon", "coordinates": [ [ [ -46.7837994, -23.764648 ], [ -46.7788906, -23.7661594 ], [ -46.777421, -23.767175 ], [ -46.780892, -23.771574 ], [ -46.787589, -23.773553 ], [ -46.79008, -23.77608 ], [ -46.791018, -23.780014 ], [ -46.789134, -23.783325 ], [ -46.78974, -23.786067 ], [ -46.787949, -23.786994 ], [ -46.790271, -23.787479 ], [ -46.789167, -23.789946 ], [ -46.794405, -23.793917 ], [ -46.79625, -23.799461 ], [ -46.800471, -23.801561 ], [ -46.800378, -23.805179 ], [ -46.801936, -23.807939 ], [ -46.801221, -23.80972 ], [ -46.796832, -23.81103 ], [ -46.782306, -23.813274 ], [ -46.773799, -23.817739 ], [ -46.762753, -23.827205 ], [ -46.763639, -23.832041 ], [ -46.765562, -23.833421 ], [ -46.765427, -23.834915 ], [ -46.763552, -23.83433 ], [ -46.762556, -23.835924 ], [ -46.764295, -23.842569 ], [ -46.773514, -23.843816 ], [ -46.778429, -23.841597 ], [ -46.77995, -23.842392 ], [ -46.778829, -23.846196 ], [ -46.77954, -23.851286 ], [ -46.776046, -23.855449 ], [ -46.776773, -23.893142 ], [ -46.787565, -23.894759 ], [ -46.796583, -23.893068 ], [ -46.799706, -23.893723 ], [ -46.802149, -23.888183 ], [ -46.80737, -23.886521 ], [ -46.80688, -23.890887 ], [ -46.804049, -23.892794 ], [ -46.806718, -23.901322 ], [ -46.811571, -23.907734 ], [ -46.811879, -23.911268 ], [ -46.810696, -23.911204 ], [ -46.811818, -23.917103 ], [ -46.809851, -23.91796 ], [ -46.810684, -23.920464 ], [ -46.812885, -23.9196008 ], [ -46.8211924, -23.928288 ], [ -46.8234801, -23.9292061 ], [ -46.8247704, -23.9279512 ], [ -46.8277685, -23.9315571 ], [ -46.832821, -23.9342317 ], [ -46.8364606, -23.9340996 ], [ -46.8380109, -23.9357621 ], [ -46.8403453, -23.934708 ], [ -46.8426167, -23.9379675 ], [ -46.8446443, -23.9350311 ], [ -46.8491328, -23.9362278 ], [ -46.849924, -23.9385124 ], [ -46.8536738, -23.9379009 ], [ -46.8544029, -23.9396915 ], [ -46.8561378, -23.938146 ], [ -46.8584161, -23.9387624 ], [ -46.8597421, -23.9355409 ], [ -46.8624474, -23.9359578 ], [ -46.8637562, -23.9334728 ], [ -46.8698575, -23.9359577 ], [ -46.8722007, -23.9354567 ], [ -46.8735994, -23.929694 ], [ -46.8790807, -23.9282436 ], [ -46.8845733, -23.9309253 ], [ -46.8866654, -23.9338869 ], [ -46.8901345, -23.933204 ], [ -46.8934278, -23.9381466 ], [ -46.898333799999989, -23.9387377 ], [ -46.8993176, -23.9406279 ], [ -46.9029829, -23.9398676 ], [ -46.9043551, -23.9418528 ], [ -46.9075623, -23.9360376 ], [ -46.9097906, -23.9365288 ], [ -46.9121832, -23.9343849 ], [ -46.9076854, -23.9349968 ], [ -46.9047801, -23.9288175 ], [ -46.9020708, -23.9270242 ], [ -46.8980419, -23.9273205 ], [ -46.8964445, -23.9207602 ], [ -46.8903324, -23.9166322 ], [ -46.8902676, -23.9136086 ], [ -46.8887876, -23.9122148 ], [ -46.8887517, -23.9012802 ], [ -46.885017, -23.8969929 ], [ -46.8826978, -23.8961659 ], [ -46.8817047, -23.8936654 ], [ -46.8700558, -23.8948715 ], [ -46.8701977, -23.8917075 ], [ -46.8661517, -23.8868038 ], [ -46.8610267, -23.8863887 ], [ -46.8582027, -23.8781418 ], [ -46.8559427, -23.8762861 ], [ -46.8492009, -23.8615712 ], [ -46.8495373, -23.8570053 ], [ -46.8484472, -23.856346 ], [ -46.8508054, -23.8537963 ], [ -46.8542222, -23.854668 ], [ -46.8557473, -23.85348 ], [ -46.8576973, -23.854874 ], [ -46.8612033, -23.8520385 ], [ -46.8652611, -23.8539966 ], [ -46.8700311, -23.8521755 ], [ -46.8719784, -23.8532451 ], [ -46.8780518, -23.8470197 ], [ -46.8811148, -23.8464751 ], [ -46.8846652, -23.8417763 ], [ -46.8915848, -23.8413007 ], [ -46.8924598, -23.8387486 ], [ -46.8956205, -23.8376702 ], [ -46.8954618, -23.8365482 ], [ -46.8902912, -23.8347941 ], [ -46.8859922, -23.8293864 ], [ -46.8830382, -23.8281128 ], [ -46.8856456, -23.8211511 ], [ -46.8845099, -23.8176123 ], [ -46.880082, -23.8166285 ], [ -46.8783363, -23.8110111 ], [ -46.8818871, -23.8043092 ], [ -46.8792774, -23.7988417 ], [ -46.8720213, -23.7971811 ], [ -46.8721538, -23.7994586 ], [ -46.8677709, -23.7998527 ], [ -46.8654776, -23.8045965 ], [ -46.8635183, -23.804563 ], [ -46.8626096, -23.801983 ], [ -46.857420499999989, -23.7996839 ], [ -46.855812, -23.7946457 ], [ -46.8496098, -23.7962669 ], [ -46.849014, -23.7927214 ], [ -46.844191699999989, -23.7874068 ], [ -46.8443709, -23.7850071 ], [ -46.8399418, -23.7830336 ], [ -46.8391926, -23.7779588 ], [ -46.8358076, -23.7801863 ], [ -46.8309439, -23.7792586 ], [ -46.8236913, -23.7688163 ], [ -46.8206318, -23.7672254 ], [ -46.8146614, -23.7687043 ], [ -46.8109262, -23.766579 ], [ -46.8080423, -23.7665066 ], [ -46.7997405, -23.7708667 ], [ -46.7931337, -23.7661607 ], [ -46.7905007, -23.7665244 ], [ -46.7877322, -23.7650425 ], [ -46.7861999, -23.7662646 ], [ -46.7837994, -23.764648 ] ] ] } },
{ "type": "Feature", "properties": { "code_muni": 3515707.0, "name_muni": "Ferraz de Vasconcelos", "code_state": 35.0, "abbrev_sta": "SP", "name_state": "São Paulo", "code_regio": 3.0, "name_regio": "Sudeste" }, "geometry": { "type": "Polygon", "coordinates": [ [ [ -46.37527, -23.512858 ], [ -46.370115, -23.511371 ], [ -46.3663957, -23.5121558 ], [ -46.3685098, -23.5227475 ], [ -46.3669885, -23.5271453 ], [ -46.3629338, -23.5278217 ], [ -46.3603105, -23.531223 ], [ -46.356425, -23.532896 ], [ -46.35513, -23.535855 ], [ -46.354164, -23.543534 ], [ -46.357087, -23.548917 ], [ -46.35667, -23.552171 ], [ -46.352935, -23.556963 ], [ -46.358148, -23.565391 ], [ -46.353529, -23.566209 ], [ -46.3528316, -23.5697203 ], [ -46.3497238, -23.573682 ], [ -46.3531251, -23.5739883 ], [ -46.3550533, -23.5767044 ], [ -46.355775, -23.581696 ], [ -46.359594, -23.581921 ], [ -46.362573, -23.583797 ], [ -46.362909, -23.587567 ], [ -46.365657, -23.590737 ], [ -46.37298, -23.608754 ], [ -46.37742, -23.610841 ], [ -46.3838886, -23.6177413 ], [ -46.3846076, -23.6153166 ], [ -46.3896369, -23.6124057 ], [ -46.3947841, -23.6125183 ], [ -46.396214, -23.609074 ], [ -46.399545, -23.606053 ], [ -46.394919, -23.601935 ], [ -46.390793, -23.60323 ], [ -46.388897, -23.60124 ], [ -46.384268, -23.600581 ], [ -46.383043, -23.599267 ], [ -46.384318, -23.596516 ], [ -46.382476, -23.591321 ], [ -46.380146, -23.588379 ], [ -46.37728, -23.589643 ], [ -46.379837, -23.583774 ], [ -46.383741, -23.579221 ], [ -46.383612, -23.577883 ], [ -46.377825, -23.574939 ], [ -46.380893, -23.573788 ], [ -46.383536, -23.570832 ], [ -46.382634, -23.56663 ], [ -46.379748, -23.562612 ], [ -46.384211, -23.562747 ], [ -46.388706, -23.561154 ], [ -46.392471, -23.557297 ], [ -46.392481, -23.554176 ], [ -46.395054, -23.548956 ], [ -46.391968, -23.549327 ], [ -46.38772, -23.545656 ], [ -46.39328, -23.538419 ], [ -46.395572, -23.530896 ], [ -46.394357, -23.529584 ], [ -46.392233, -23.530488 ], [ -46.386511, -23.525859 ], [ -46.384186, -23.523552 ], [ -46.386555, -23.521554 ], [ -46.383165, -23.520464 ], [ -46.381039, -23.516953 ], [ -46.37484, -23.515637 ], [ -46.37527, -23.512858 ] ] ] } },
{ "type": "Feature", "properties": { "code_muni": 3516309.0, "name_muni": "Francisco Morato", "code_state": 35.0, "abbrev_sta": "SP", "name_state": "São Paulo", "code_regio": 3.0, "name_regio": "Sudeste" }, "geometry": { "type": "Polygon", "coordinates": [ [ [ -46.7253636, -23.2484576 ], [ -46.7171526, -23.2534061 ], [ -46.7021117, -23.2518123 ], [ -46.6979398, -23.2535959 ], [ -46.697179399999989, -23.2549749 ], [ -46.6988037, -23.2569401 ], [ -46.6957401, -23.257225 ], [ -46.6942003, -23.259201 ], [ -46.6909392, -23.2570353 ], [ -46.6865655, -23.2589582 ], [ -46.6843128, -23.2571066 ], [ -46.675775, -23.2616018 ], [ -46.67209, -23.2560258 ], [ -46.6690511, -23.2563759 ], [ -46.6666941, -23.2588102 ], [ -46.6563133, -23.2599065 ], [ -46.6513443, -23.2594797 ], [ -46.6436501, -23.2546388 ], [ -46.638447, -23.257666 ], [ -46.640585, -23.261059 ], [ -46.647654, -23.263627 ], [ -46.651604, -23.267383 ], [ -46.66228, -23.267518 ], [ -46.6642765, -23.2693966 ], [ -46.673077, -23.271932 ], [ -46.672913, -23.273356 ], [ -46.678492, -23.274084 ], [ -46.681543, -23.278773 ], [ -46.687079, -23.278293 ], [ -46.687282, -23.281395 ], [ -46.682969, -23.283297 ], [ -46.68613, -23.287658 ], [ -46.687473, -23.287125 ], [ -46.688904, -23.290531 ], [ -46.697329, -23.289553 ], [ -46.698338, -23.291719 ], [ -46.7051744, -23.2958804 ], [ -46.711454, -23.294573 ], [ -46.717389, -23.300268 ], [ -46.717781, -23.302352 ], [ -46.751497, -23.301648 ], [ -46.750285, -23.300349 ], [ -46.750938, -23.297549 ], [ -46.755773, -23.297467 ], [ -46.757846, -23.292769 ], [ -46.76484, -23.289972 ], [ -46.764962, -23.285675 ], [ -46.767891, -23.285677 ], [ -46.7700364, -23.2829945 ], [ -46.773819, -23.281399 ], [ -46.783686, -23.265378 ], [ -46.783991, -23.260878 ], [ -46.778702, -23.256568 ], [ -46.771508, -23.259853 ], [ -46.763431, -23.257768 ], [ -46.760845, -23.258396 ], [ -46.757163, -23.253483 ], [ -46.7525611, -23.2557441 ], [ -46.7511606, -23.253171 ], [ -46.745466, -23.2504049 ], [ -46.7328327, -23.2534176 ], [ -46.7302129, -23.252744 ], [ -46.7253636, -23.2484576 ] ] ] } },
{ "type": "Feature", "properties": { "code_muni": 3516408.0, "name_muni": "Franco da Rocha", "code_state": 35.0, "abbrev_sta": "SP", "name_state": "São Paulo", "code_regio": 3.0, "name_regio": "Sudeste" }, "geometry": { "type": "Polygon", "coordinates": [ [ [ -46.792796, -23.261192 ], [ -46.791278, -23.266709 ], [ -46.785528, -23.264959 ], [ -46.782307, -23.266253 ], [ -46.778689, -23.272231 ], [ -46.777814, -23.276481 ], [ -46.773819, -23.281399 ], [ -46.7700364, -23.2829945 ], [ -46.767891, -23.285677 ], [ -46.764962, -23.285675 ], [ -46.76484, -23.289972 ], [ -46.757846, -23.292769 ], [ -46.755773, -23.297467 ], [ -46.750938, -23.297549 ], [ -46.750285, -23.300349 ], [ -46.751497, -23.301648 ], [ -46.717781, -23.302352 ], [ -46.717389, -23.300268 ], [ -46.711454, -23.294573 ], [ -46.7051744, -23.2958804 ], [ -46.698338, -23.291719 ], [ -46.697329, -23.289553 ], [ -46.688904, -23.290531 ], [ -46.687473, -23.287125 ], [ -46.68613, -23.287658 ], [ -46.682969, -23.283297 ], [ -46.687282, -23.281395 ], [ -46.687079, -23.278293 ], [ -46.681543, -23.278773 ], [ -46.678492, -23.274084 ], [ -46.672913, -23.273356 ], [ -46.673077, -23.271932 ], [ -46.6642765, -23.2693966 ], [ -46.66228, -23.267518 ], [ -46.651604, -23.267383 ], [ -46.647654, -23.263627 ], [ -46.640585, -23.261059 ], [ -46.638447, -23.257666 ], [ -46.636972, -23.258381 ], [ -46.637768, -23.264449 ], [ -46.638747, -23.265522 ], [ -46.643048, -23.265446 ], [ -46.647915, -23.27296 ], [ -46.647661, -23.275408 ], [ -46.656189, -23.278408 ], [ -46.65918, -23.277898 ], [ -46.660765, -23.281619 ], [ -46.659448, -23.283254 ], [ -46.653142, -23.284417 ], [ -46.650953, -23.288179 ], [ -46.647455, -23.287618 ], [ -46.646531, -23.295447 ], [ -46.638713, -23.300316 ], [ -46.635834, -23.305295 ], [ -46.641835, -23.309028 ], [ -46.642869, -23.311527 ], [ -46.645394, -23.31192 ], [ -46.645337, -23.318602 ], [ -46.663202, -23.32518 ], [ -46.662909, -23.327069 ], [ -46.658449, -23.329356 ], [ -46.658032, -23.331333 ], [ -46.660823, -23.334829 ], [ -46.665472, -23.351743 ], [ -46.670187, -23.363096 ], [ -46.67707, -23.366715 ], [ -46.681823, -23.367959 ], [ -46.685275, -23.365171 ], [ -46.688024, -23.36806 ], [ -46.690512, -23.368156 ], [ -46.698887, -23.361678 ], [ -46.700666, -23.363124 ], [ -46.706503, -23.363211 ], [ -46.708699, -23.359949 ], [ -46.7165466, -23.3552897 ], [ -46.7221537, -23.3556157 ], [ -46.7222011, -23.3569245 ], [ -46.724923, -23.357213 ], [ -46.743405, -23.354735 ], [ -46.743572, -23.352944 ], [ -46.741851, -23.352779 ], [ -46.741238, -23.349391 ], [ -46.74005, -23.349084 ], [ -46.74176, -23.348308 ], [ -46.741764, -23.341308 ], [ -46.747195, -23.331565 ], [ -46.749969, -23.329824 ], [ -46.749734, -23.327915 ], [ -46.751393, -23.327983 ], [ -46.752088, -23.326488 ], [ -46.756265, -23.327932 ], [ -46.757643, -23.330546 ], [ -46.765301, -23.334535 ], [ -46.773709, -23.334638 ], [ -46.777928, -23.336723 ], [ -46.778685, -23.344694 ], [ -46.781285, -23.349217 ], [ -46.782568, -23.349203 ], [ -46.787751, -23.34611 ], [ -46.788328, -23.343958 ], [ -46.7914, -23.343989 ], [ -46.793082, -23.345966 ], [ -46.800161, -23.344488 ], [ -46.801102, -23.341426 ], [ -46.811018, -23.336198 ], [ -46.814051, -23.33764 ], [ -46.819329, -23.336819 ], [ -46.821469, -23.33231 ], [ -46.823674, -23.3309772 ], [ -46.823878, -23.326604 ], [ -46.825551, -23.323772 ], [ -46.824583, -23.321306 ], [ -46.825853, -23.319964 ], [ -46.821804, -23.313588 ], [ -46.828664, -23.309899 ], [ -46.832764, -23.310532 ], [ -46.834571, -23.309164 ], [ -46.835908, -23.305984 ], [ -46.840821, -23.302327 ], [ -46.842734, -23.293823 ], [ -46.842672, -23.291665 ], [ -46.834275, -23.285911 ], [ -46.834244, -23.280093 ], [ -46.83169, -23.278989 ], [ -46.822947, -23.280164 ], [ -46.815947, -23.282622 ], [ -46.813708, -23.280924 ], [ -46.813753, -23.276684 ], [ -46.809716, -23.274626 ], [ -46.805451, -23.274673 ], [ -46.805947, -23.27248 ], [ -46.803069, -23.270399 ], [ -46.802441, -23.257011 ], [ -46.792796, -23.261192 ] ] ] } },
{ "type": "Feature", "properties": { "code_muni": 3518305.0, "name_muni": "Guararema", "code_state": 35.0, "abbrev_sta": "SP", "name_state": "São Paulo", "code_regio": 3.0, "name_regio": "Sudeste" }, "geometry": { "type": "Polygon", "coordinates": [ [ [ -46.105419, -23.31099 ], [ -46.1007534, -23.3088417 ], [ -46.098649, -23.309239 ], [ -46.097879, -23.320035 ], [ -46.099545, -23.323724 ], [ -46.098993, -23.326004 ], [ -46.0799663, -23.3415073 ], [ -46.0768566, -23.3409376 ], [ -46.0737088, -23.3421546 ], [ -46.0679671, -23.3487667 ], [ -46.0678272, -23.3549706 ], [ -46.0635062, -23.3588264 ], [ -46.0605729, -23.3577916 ], [ -46.059696, -23.3602007 ], [ -46.0574589, -23.3614263 ], [ -46.0559487, -23.3662442 ], [ -46.0514125, -23.3686437 ], [ -46.047902, -23.3761788 ], [ -46.041287, -23.3843571 ], [ -46.036724899999989, -23.3881477 ], [ -46.0346451, -23.3871518 ], [ -46.0295291, -23.3917572 ], [ -46.0266103, -23.3921001 ], [ -46.0222132, -23.3876312 ], [ -46.0184228, -23.3880689 ], [ -46.015694, -23.3911748 ], [ -46.0136763, -23.3874964 ], [ -46.010948, -23.387054 ], [ -46.0105398, -23.3842725 ], [ -46.0064598, -23.3836825 ], [ -46.0014247, -23.3861069 ], [ -45.9983327, -23.3913753 ], [ -45.9989793, -23.3939518 ], [ -45.9971029, -23.4020865 ], [ -45.9946239, -23.40581 ], [ -45.9911867, -23.4175201 ], [ -45.9839418, -23.4204634 ], [ -45.9797063, -23.4184134 ], [ -45.9783497, -23.4261517 ], [ -45.9765369, -23.4284718 ], [ -45.9697462, -23.4265056 ], [ -45.9670468, -23.4273669 ], [ -45.9653247, -23.4295937 ], [ -45.9654968, -23.433033 ], [ -45.9622918, -23.4364164 ], [ -45.9595915, -23.4425348 ], [ -45.9539038, -23.4474385 ], [ -45.9518646, -23.4513502 ], [ -45.9528356, -23.4565649 ], [ -45.9574651, -23.4651857 ], [ -45.9569044, -23.4686072 ], [ -45.9600467, -23.4682487 ], [ -45.961811399999988, -23.4718485 ], [ -45.9684528, -23.4760744 ], [ -45.9646851, -23.4780368 ], [ -45.9597183, -23.4841109 ], [ -45.9572322, -23.4880562 ], [ -45.9560032, -23.4941484 ], [ -45.9752, -23.503456 ], [ -45.977659, -23.50661 ], [ -45.977736, -23.509467 ], [ -45.984109, -23.518017 ], [ -45.985889, -23.517305 ], [ -45.995119, -23.520975 ], [ -45.998382, -23.519153 ], [ -46.005577, -23.525287 ], [ -46.00652, -23.528001 ], [ -46.012507, -23.527896 ], [ -46.014713, -23.529754 ], [ -46.018068, -23.528828 ], [ -46.021209, -23.531197 ], [ -46.024739, -23.529716 ], [ -46.026233, -23.53035 ], [ -46.027971, -23.527141 ], [ -46.03086, -23.525673 ], [ -46.034431, -23.525504 ], [ -46.036083, -23.528334 ], [ -46.035693, -23.532233 ], [ -46.041134, -23.53832 ], [ -46.051113, -23.539009 ], [ -46.053062, -23.541213 ], [ -46.056636, -23.542171 ], [ -46.071196, -23.537326 ], [ -46.076083, -23.533797 ], [ -46.075777, -23.52805 ], [ -46.071924, -23.524922 ], [ -46.071402, -23.522987 ], [ -46.074928, -23.52102 ], [ -46.075332, -23.518201 ], [ -46.077746, -23.516648 ], [ -46.077017, -23.514777 ], [ -46.078371, -23.512804 ], [ -46.075916, -23.50956 ], [ -46.071977, -23.512174 ], [ -46.069893, -23.508961 ], [ -46.066335, -23.507419 ], [ -46.063957, -23.493089 ], [ -46.051108, -23.488759 ], [ -46.053196, -23.485001 ], [ -46.051954, -23.481998 ], [ -46.054407, -23.479244 ], [ -46.053775, -23.473508 ], [ -46.059124, -23.465033 ], [ -46.073958, -23.4524 ], [ -46.077948, -23.451014 ], [ -46.083335, -23.452636 ], [ -46.089698, -23.45178 ], [ -46.100022, -23.455631 ], [ -46.102769, -23.453965 ], [ -46.105605, -23.455379 ], [ -46.106588, -23.448179 ], [ -46.111771, -23.445828 ], [ -46.114266, -23.438407 ], [ -46.121344, -23.435481 ], [ -46.127754, -23.435827 ], [ -46.131276, -23.43807 ], [ -46.13412, -23.437006 ], [ -46.139665, -23.440398 ], [ -46.155151, -23.426357 ], [ -46.153789, -23.423584 ], [ -46.142089, -23.415327 ], [ -46.142722, -23.410999 ], [ -46.147559, -23.407932 ], [ -46.146923, -23.404879 ], [ -46.14814, -23.401891 ], [ -46.155064, -23.393767 ], [ -46.158764, -23.391953 ], [ -46.160501, -23.388275 ], [ -46.157818, -23.38236 ], [ -46.158746, -23.379837 ], [ -46.156681, -23.376217 ], [ -46.156285, -23.371445 ], [ -46.152938, -23.367471 ], [ -46.1559665, -23.3629573 ], [ -46.1549105, -23.3599779 ], [ -46.1577605, -23.3422735 ], [ -46.1562067, -23.3398314 ], [ -46.1520543, -23.3385341 ], [ -46.151398, -23.336209 ], [ -46.147612, -23.335206 ], [ -46.140153, -23.328413 ], [ -46.139382, -23.329194 ], [ -46.13413, -23.326394 ], [ -46.133607, -23.324044 ], [ -46.131646, -23.322706 ], [ -46.12468, -23.32073 ], [ -46.114764, -23.313484 ], [ -46.112702, -23.309724 ], [ -46.105419, -23.31099 ] ] ] } },
{ "type": "Feature", "properties": { "code_muni": 3518800.0, "name_muni": "Guarulhos", "code_state": 35.0, "abbrev_sta": "SP", "name_state": "São Paulo", "code_regio": 3.0, "name_regio": "Sudeste" }, "geometry": { "type": "Polygon", "coordinates": [ [ [ -46.36549, -23.27385 ], [ -46.363318, -23.27507 ], [ -46.361989, -23.276713 ], [ -46.361641, -23.283144 ], [ -46.356241, -23.289015 ], [ -46.358212, -23.292104 ], [ -46.355425, -23.298327 ], [ -46.356395, -23.302873 ], [ -46.358759, -23.305259 ], [ -46.35807, -23.30782 ], [ -46.355327, -23.310113 ], [ -46.355861, -23.314439 ], [ -46.358166, -23.31723 ], [ -46.356853, -23.321526 ], [ -46.353794, -23.326697 ], [ -46.350419, -23.328998 ], [ -46.336777, -23.329101 ], [ -46.336004, -23.332992 ], [ -46.336536, -23.33476 ], [ -46.3398643, -23.3351073 ], [ -46.341762, -23.341271 ], [ -46.3441539, -23.3418098 ], [ -46.3433844, -23.3432754 ], [ -46.346972, -23.347841 ], [ -46.351446, -23.349969 ], [ -46.352109, -23.352439 ], [ -46.3558887, -23.3531724 ], [ -46.358244, -23.358504 ], [ -46.362869, -23.359472 ], [ -46.364632, -23.362673 ], [ -46.369965, -23.365082 ], [ -46.372129, -23.367661 ], [ -46.369956, -23.378476 ], [ -46.371263, -23.381343 ], [ -46.370379, -23.383225 ], [ -46.372848, -23.386014 ], [ -46.370547, -23.387402 ], [ -46.368581, -23.394221 ], [ -46.376781, -23.397088 ], [ -46.377608, -23.401729 ], [ -46.3752323, -23.4050429 ], [ -46.3756177, -23.4078471 ], [ -46.3720426, -23.4121932 ], [ -46.3710325, -23.4178106 ], [ -46.3671914, -23.4228507 ], [ -46.366791, -23.430137 ], [ -46.358421, -23.437278 ], [ -46.359524, -23.438613 ], [ -46.363808, -23.43517 ], [ -46.367591, -23.437438 ], [ -46.372051, -23.432719 ], [ -46.3758099, -23.4321811 ], [ -46.379743, -23.434065 ], [ -46.3827487, -23.43313 ], [ -46.3881219, -23.4377908 ], [ -46.383954, -23.440507 ], [ -46.3835979, -23.4445278 ], [ -46.385522, -23.445656 ], [ -46.388761, -23.445159 ], [ -46.38918, -23.448095 ], [ -46.390911, -23.448871 ], [ -46.39365, -23.448731 ], [ -46.394884, -23.446605 ], [ -46.397238, -23.446389 ], [ -46.3954061, -23.4515575 ], [ -46.392559, -23.454192 ], [ -46.393257, -23.457193 ], [ -46.389374, -23.465999 ], [ -46.389134, -23.470915 ], [ -46.386348, -23.473174 ], [ -46.386289, -23.47945 ], [ -46.387608, -23.481825 ], [ -46.392013, -23.480588 ], [ -46.396889, -23.484291 ], [ -46.399659, -23.483094 ], [ -46.40115, -23.486845 ], [ -46.403713, -23.484859 ], [ -46.405717, -23.486082 ], [ -46.406618, -23.483646 ], [ -46.406078, -23.48142 ], [ -46.403991, -23.481105 ], [ -46.405677, -23.479165 ], [ -46.404409, -23.478203 ], [ -46.405365, -23.476275 ], [ -46.406942, -23.477722 ], [ -46.410042, -23.475025 ], [ -46.407614, -23.472619 ], [ -46.410724, -23.470372 ], [ -46.415206, -23.472583 ], [ -46.41477, -23.47434 ], [ -46.417101, -23.472419 ], [ -46.418888, -23.474394 ], [ -46.427062, -23.472008 ], [ -46.430054, -23.473674 ], [ -46.429837, -23.476044 ], [ -46.431638, -23.476418 ], [ -46.430996, -23.477921 ], [ -46.435966, -23.475716 ], [ -46.43495, -23.478354 ], [ -46.437635, -23.479829 ], [ -46.441974, -23.479449 ], [ -46.460472, -23.483031 ], [ -46.465908, -23.482268 ], [ -46.479999, -23.476914 ], [ -46.488446, -23.47764 ], [ -46.493825, -23.475996 ], [ -46.503384, -23.477324 ], [ -46.511472, -23.478922 ], [ -46.522548, -23.484714 ], [ -46.528113, -23.490859 ], [ -46.533745, -23.493325 ], [ -46.541036, -23.499931 ], [ -46.545652, -23.505664 ], [ -46.552876, -23.507622 ], [ -46.55547, -23.510097 ], [ -46.559237, -23.506912 ], [ -46.562136, -23.499827 ], [ -46.55999, -23.492627 ], [ -46.561703, -23.472781 ], [ -46.565478, -23.468508 ], [ -46.570502, -23.458696 ], [ -46.570336, -23.453746 ], [ -46.568442, -23.451481 ], [ -46.564765, -23.436102 ], [ -46.568459, -23.43258 ], [ -46.565626, -23.426938 ], [ -46.56674, -23.421998 ], [ -46.565358, -23.418006 ], [ -46.566905, -23.416141 ], [ -46.556436, -23.409589 ], [ -46.55652, -23.405131 ], [ -46.554957, -23.401902 ], [ -46.556326, -23.397685 ], [ -46.545534, -23.386875 ], [ -46.54512, -23.376204 ], [ -46.537231, -23.369584 ], [ -46.536603, -23.364022 ], [ -46.525586, -23.358626 ], [ -46.520522, -23.354519 ], [ -46.509912, -23.355393 ], [ -46.506521, -23.352528 ], [ -46.4988106, -23.3509609 ], [ -46.4959434, -23.3482262 ], [ -46.4873552, -23.3507558 ], [ -46.4866669, -23.3580538 ], [ -46.480521, -23.362241 ], [ -46.477948, -23.36114 ], [ -46.4745113, -23.3618433 ], [ -46.468471, -23.356547 ], [ -46.462535, -23.357615 ], [ -46.4579941, -23.3565641 ], [ -46.445, -23.358715 ], [ -46.444293, -23.355946 ], [ -46.448485, -23.349939 ], [ -46.443765, -23.343235 ], [ -46.444303, -23.340828 ], [ -46.439095, -23.341989 ], [ -46.438623, -23.33945 ], [ -46.431663, -23.335425 ], [ -46.433672, -23.330706 ], [ -46.430416, -23.328794 ], [ -46.427519, -23.323377 ], [ -46.42546, -23.323395 ], [ -46.422925, -23.319325 ], [ -46.423279, -23.316406 ], [ -46.421712, -23.315464 ], [ -46.41867, -23.316382 ], [ -46.417149, -23.315102 ], [ -46.413499, -23.30832 ], [ -46.410499, -23.30579 ], [ -46.41199, -23.30167 ], [ -46.4083, -23.300294 ], [ -46.405078, -23.300968 ], [ -46.402736, -23.299121 ], [ -46.403438, -23.296155 ], [ -46.400639, -23.295318 ], [ -46.399971, -23.288779 ], [ -46.396249, -23.285818 ], [ -46.390332, -23.287516 ], [ -46.38742, -23.286929 ], [ -46.381483, -23.27808 ], [ -46.376086, -23.278332 ], [ -46.36549, -23.27385 ] ] ] } },
{ "type": "Feature", "properties": { "code_muni": 3522208.0, "name_muni": "Itapecerica da Serra", "code_state": 35.0, "abbrev_sta": "SP", "name_state": "São Paulo", "code_regio": 3.0, "name_regio": "Sudeste" }, "geometry": { "type": "Polygon", "coordinates": [ [ [ -46.887452, -23.667848 ], [ -46.884853, -23.671066 ], [ -46.8825, -23.67188 ], [ -46.8799697, -23.6759062 ], [ -46.873792, -23.678543 ], [ -46.871603, -23.68325 ], [ -46.8625709, -23.6815544 ], [ -46.860195, -23.683438 ], [ -46.854264, -23.682746 ], [ -46.849298, -23.685267 ], [ -46.845719, -23.68081 ], [ -46.832894, -23.678522 ], [ -46.82681, -23.675788 ], [ -46.8228429, -23.6779735 ], [ -46.8227542, -23.683328 ], [ -46.8199382, -23.6876551 ], [ -46.816582, -23.686984 ], [ -46.8142435, -23.6882077 ], [ -46.801536399999989, -23.6853687 ], [ -46.797015, -23.69542 ], [ -46.800709, -23.697967 ], [ -46.791489, -23.7017511 ], [ -46.793233, -23.713335 ], [ -46.792403, -23.721301 ], [ -46.794784, -23.726147 ], [ -46.798543, -23.729092 ], [ -46.795668, -23.735637 ], [ -46.796043, -23.739127 ], [ -46.79008, -23.741187 ], [ -46.790035, -23.744253 ], [ -46.7815286, -23.7506591 ], [ -46.780017, -23.749374 ], [ -46.7769886, -23.7506016 ], [ -46.775695, -23.752994 ], [ -46.772233, -23.751881 ], [ -46.76966, -23.753173 ], [ -46.769582, -23.759658 ], [ -46.771685, -23.764305 ], [ -46.777421, -23.767175 ], [ -46.7827508, -23.7646747 ], [ -46.7861999, -23.7662646 ], [ -46.7877322, -23.7650425 ], [ -46.7905007, -23.7665244 ], [ -46.7931337, -23.7661607 ], [ -46.7997405, -23.7708667 ], [ -46.8080423, -23.7665066 ], [ -46.8109262, -23.766579 ], [ -46.8146614, -23.7687043 ], [ -46.8174944, -23.7671531 ], [ -46.8230109, -23.7681337 ], [ -46.8309439, -23.7792586 ], [ -46.8358076, -23.7801863 ], [ -46.8391926, -23.7779588 ], [ -46.8399418, -23.7830336 ], [ -46.8443709, -23.7850071 ], [ -46.844191699999989, -23.7874068 ], [ -46.849014, -23.7927214 ], [ -46.8496098, -23.7962669 ], [ -46.855812, -23.7946457 ], [ -46.857420499999989, -23.7996839 ], [ -46.8626096, -23.801983 ], [ -46.8637808, -23.8046856 ], [ -46.8654776, -23.8045965 ], [ -46.866968, -23.8004095 ], [ -46.8698435, -23.7990902 ], [ -46.8719484, -23.7995857 ], [ -46.8719167, -23.7972445 ], [ -46.8794782, -23.7936163 ], [ -46.8815721, -23.7898788 ], [ -46.8908852, -23.7946646 ], [ -46.8976093, -23.7961006 ], [ -46.8995706, -23.7922642 ], [ -46.9077959, -23.7867821 ], [ -46.9098689, -23.7827252 ], [ -46.9129241, -23.7886196 ], [ -46.9148715, -23.7864863 ], [ -46.9154207, -23.782861 ], [ -46.9308049, -23.7792389 ], [ -46.9322828, -23.7771127 ], [ -46.937828, -23.77663 ], [ -46.934137, -23.771702 ], [ -46.935792, -23.765903 ], [ -46.929343, -23.758492 ], [ -46.931632, -23.754616 ], [ -46.930214, -23.751359 ], [ -46.927479, -23.749916 ], [ -46.93076, -23.746397 ], [ -46.93071, -23.743926 ], [ -46.933703, -23.739755 ], [ -46.9334176, -23.7362934 ], [ -46.931385, -23.7329 ], [ -46.927649, -23.730238 ], [ -46.923107, -23.731984 ], [ -46.9217559, -23.7262708 ], [ -46.915493, -23.725144 ], [ -46.908225, -23.718102 ], [ -46.903245, -23.71058 ], [ -46.901955, -23.702149 ], [ -46.900245, -23.700017 ], [ -46.899979, -23.690048 ], [ -46.897265, -23.688155 ], [ -46.898533, -23.687353 ], [ -46.898507, -23.684039 ], [ -46.895468, -23.679923 ], [ -46.897467, -23.677338 ], [ -46.893522, -23.671134 ], [ -46.891749, -23.671058 ], [ -46.889815899999988, -23.6685367 ], [ -46.887452, -23.667848 ] ] ] } },
{ "type": "Feature", "properties": { "code_muni": 3522505.0, "name_muni": "Itapevi", "code_state": 35.0, "abbrev_sta": "SP", "name_state": "São Paulo", "code_regio": 3.0, "name_regio": "Sudeste" }, "geometry": { "type": "Polygon", "coordinates": [ [ [ -46.96453, -23.498651 ], [ -46.9599497, -23.5015533 ], [ -46.952459, -23.505478 ], [ -46.945576, -23.504663 ], [ -46.943885, -23.507615 ], [ -46.941829, -23.507559 ], [ -46.932759, -23.51277 ], [ -46.9295603, -23.512828 ], [ -46.929042, -23.517663 ], [ -46.930397, -23.519414 ], [ -46.929019, -23.523514 ], [ -46.925782, -23.52393 ], [ -46.923226, -23.522754 ], [ -46.921586, -23.523896 ], [ -46.919045, -23.528487 ], [ -46.9198759, -23.5323587 ], [ -46.9157108, -23.5381719 ], [ -46.91756, -23.5425134 ], [ -46.9169793, -23.5460867 ], [ -46.9110615, -23.5523104 ], [ -46.9079479, -23.5527776 ], [ -46.907931, -23.558508 ], [ -46.910198, -23.562543 ], [ -46.918651, -23.565389 ], [ -46.9290957, -23.5632274 ], [ -46.9295517, -23.5658136 ], [ -46.94009, -23.571139 ], [ -46.940161, -23.57529 ], [ -46.947042, -23.580008 ], [ -46.948763, -23.586196 ], [ -46.956784, -23.590708 ], [ -46.957676, -23.597522 ], [ -46.961653, -23.602515 ], [ -46.966516, -23.601192 ], [ -46.974023, -23.603795 ], [ -46.977504, -23.60156 ], [ -46.981456, -23.602158 ], [ -46.98241, -23.601176 ], [ -46.984875, -23.602754 ], [ -46.98907, -23.602786 ], [ -46.989308, -23.599553 ], [ -46.9921, -23.594657 ], [ -46.999194, -23.593545 ], [ -47.000183, -23.587144 ], [ -46.996821, -23.5795 ], [ -47.001249, -23.58046 ], [ -47.008187, -23.57794 ], [ -47.010106, -23.5803 ], [ -47.015331, -23.58116 ], [ -47.018293, -23.585089 ], [ -47.020622, -23.586005 ], [ -47.022253, -23.582067 ], [ -47.028074, -23.581317 ], [ -47.024775, -23.580033 ], [ -47.024598, -23.57667 ], [ -47.029336, -23.571848 ], [ -47.030182, -23.568744 ], [ -47.024574, -23.566813 ], [ -47.020508, -23.567361 ], [ -47.018863, -23.564333 ], [ -47.014394, -23.563366 ], [ -47.01539, -23.560244 ], [ -47.006126, -23.554358 ], [ -47.007162, -23.551351 ], [ -47.012225, -23.550085 ], [ -47.013164, -23.536354 ], [ -46.996915, -23.532132 ], [ -46.9916247, -23.5293514 ], [ -46.9909373, -23.5277549 ], [ -46.992879, -23.526047 ], [ -46.992072, -23.525056 ], [ -46.995377, -23.524048 ], [ -46.996998, -23.521966 ], [ -46.99646, -23.514909 ], [ -46.9936, -23.5109 ], [ -46.995036, -23.506993 ], [ -46.988875, -23.50812 ], [ -46.985537, -23.503616 ], [ -46.979901, -23.504878 ], [ -46.970894, -23.501068 ], [ -46.966267, -23.501425 ], [ -46.96453, -23.498651 ] ] ] } },
{ "type": "Feature", "properties": { "code_muni": 3523107.0, "name_muni": "Itaquaquecetuba", "code_state": 35.0, "abbrev_sta": "SP", "name_state": "São Paulo", "code_regio": 3.0, "name_regio": "Sudeste" }, "geometry": { "type": "Polygon", "coordinates": [ [ [ -46.3129324, -23.41613 ], [ -46.310166, -23.4239041 ], [ -46.302994, -23.424579 ], [ -46.3023986, -23.426198 ], [ -46.298688, -23.427825 ], [ -46.29755, -23.430878 ], [ -46.2930121, -23.4299964 ], [ -46.2891535, -23.4343545 ], [ -46.2846462, -23.4352726 ], [ -46.2781764, -23.4331528 ], [ -46.2770287, -23.4343196 ], [ -46.2754593, -23.433821 ], [ -46.2737522, -23.4329308 ], [ -46.2730978, -23.4293905 ], [ -46.2705992, -23.4298831 ], [ -46.2732179, -23.4375976 ], [ -46.2732801, -23.4449627 ], [ -46.2758652, -23.4465468 ], [ -46.2741974, -23.4478058 ], [ -46.2740934, -23.4501251 ], [ -46.277887, -23.452915 ], [ -46.2798099, -23.4571041 ], [ -46.2870061, -23.4600126 ], [ -46.286137, -23.466162 ], [ -46.281486, -23.475909 ], [ -46.281331, -23.481605 ], [ -46.286333, -23.481882 ], [ -46.28988, -23.485691 ], [ -46.288128, -23.489649 ], [ -46.2985752, -23.4963848 ], [ -46.3039928, -23.495696 ], [ -46.306448, -23.49253 ], [ -46.3093064, -23.4916128 ], [ -46.3141544, -23.4927808 ], [ -46.330957, -23.48886 ], [ -46.3331335, -23.4919127 ], [ -46.332552, -23.494092 ], [ -46.334251, -23.493336 ], [ -46.334078, -23.495094 ], [ -46.335461, -23.495392 ], [ -46.334313, -23.497399 ], [ -46.3360302, -23.5007535 ], [ -46.3343841, -23.5002965 ], [ -46.333809699999989, -23.5013865 ], [ -46.333329, -23.499429 ], [ -46.3321343, -23.5011442 ], [ -46.330496, -23.500045 ], [ -46.3298609, -23.5057048 ], [ -46.348215, -23.507934 ], [ -46.350783, -23.507616 ], [ -46.353634, -23.504813 ], [ -46.3663957, -23.5121558 ], [ -46.36538, -23.503026 ], [ -46.377307, -23.48417 ], [ -46.381939, -23.472089 ], [ -46.384472, -23.475588 ], [ -46.387038, -23.474519 ], [ -46.386348, -23.473174 ], [ -46.389122, -23.470944 ], [ -46.389374, -23.465999 ], [ -46.393257, -23.457193 ], [ -46.392559, -23.454192 ], [ -46.3954061, -23.4515575 ], [ -46.397238, -23.446389 ], [ -46.394884, -23.446605 ], [ -46.39365, -23.448731 ], [ -46.390911, -23.448871 ], [ -46.38918, -23.448095 ], [ -46.388761, -23.445159 ], [ -46.385522, -23.445656 ], [ -46.3835979, -23.4445278 ], [ -46.383954, -23.440507 ], [ -46.3881219, -23.4377908 ], [ -46.3827487, -23.43313 ], [ -46.379743, -23.434065 ], [ -46.3758099, -23.4321811 ], [ -46.372051, -23.432719 ], [ -46.367591, -23.437438 ], [ -46.36344, -23.435171 ], [ -46.359134, -23.438469 ], [ -46.357434, -23.434751 ], [ -46.357863, -23.429752 ], [ -46.354848, -23.42624 ], [ -46.354459, -23.422665 ], [ -46.351718, -23.420632 ], [ -46.347836, -23.420106 ], [ -46.340112, -23.42359 ], [ -46.336884, -23.422911 ], [ -46.32814, -23.424728 ], [ -46.3269637, -23.423465 ], [ -46.3223181, -23.4255126 ], [ -46.317293, -23.423731 ], [ -46.316589, -23.419946 ], [ -46.3129324, -23.41613 ] ] ] } },
{ "type": "Feature", "properties": { "code_muni": 3525003.0, "name_muni": "Jandira", "code_state": 35.0, "abbrev_sta": "SP", "name_state": "São Paulo", "code_regio": 3.0, "name_regio": "Sudeste" }, "geometry": { "type": "Polygon", "coordinates": [ [ [ -46.915961, -23.512372 ], [ -46.915293, -23.513941 ], [ -46.914423, -23.518572 ], [ -46.912637, -23.520612 ], [ -46.908649, -23.521628 ], [ -46.907197, -23.520019 ], [ -46.903443, -23.519415 ], [ -46.899926, -23.523944 ], [ -46.895658, -23.524295 ], [ -46.8942534, -23.5255706 ], [ -46.8917844, -23.5314945 ], [ -46.894664, -23.539065 ], [ -46.8905288, -23.5433976 ], [ -46.8910476, -23.5497697 ], [ -46.887997, -23.552459 ], [ -46.885759, -23.553318 ], [ -46.881443, -23.5524305 ], [ -46.8763562, -23.548457 ], [ -46.872556, -23.550407 ], [ -46.860577, -23.544864 ], [ -46.862329, -23.547436 ], [ -46.860589, -23.550332 ], [ -46.861954, -23.550488 ], [ -46.861154, -23.551777 ], [ -46.863479, -23.554607 ], [ -46.872379, -23.554214 ], [ -46.870942, -23.55719 ], [ -46.872623, -23.558348 ], [ -46.87094, -23.560881 ], [ -46.875588, -23.561117 ], [ -46.875956, -23.56528 ], [ -46.8861817, -23.5694063 ], [ -46.889524, -23.567615 ], [ -46.904446, -23.568249 ], [ -46.908381, -23.566793 ], [ -46.910567, -23.564284 ], [ -46.911119, -23.563057 ], [ -46.907931, -23.558508 ], [ -46.9077692, -23.553117 ], [ -46.9093593, -23.5517369 ], [ -46.9110615, -23.5523104 ], [ -46.9169793, -23.5460867 ], [ -46.91756, -23.5425134 ], [ -46.9157108, -23.5381719 ], [ -46.9198759, -23.5323587 ], [ -46.919045, -23.528487 ], [ -46.921586, -23.523896 ], [ -46.923226, -23.522754 ], [ -46.928259, -23.524062 ], [ -46.930397, -23.519414 ], [ -46.929042, -23.517663 ], [ -46.929601, -23.513183 ], [ -46.924881, -23.514593 ], [ -46.923386, -23.512959 ], [ -46.920941, -23.514201 ], [ -46.915961, -23.512372 ] ] ] } },
{ "type": "Feature", "properties": { "code_muni": 3526209.0, "name_muni": "Juquitiba", "code_state": 35.0, "abbrev_sta": "SP", "name_state": "São Paulo", "code_regio": 3.0, "name_regio": "Sudeste" }, "geometry": { "type": "Polygon", "coordinates": [ [ [ -47.0424093, -23.8360778 ], [ -47.03768, -23.835564 ], [ -47.035211, -23.837705 ], [ -47.035831, -23.840481 ], [ -47.02995, -23.84477 ], [ -47.0283742, -23.8480693 ], [ -47.025557299999988, -23.8483836 ], [ -47.0151681, -23.8582125 ], [ -47.0127411, -23.8590544 ], [ -47.0114628, -23.8581882 ], [ -47.0111816, -23.8612524 ], [ -47.0060276, -23.8670171 ], [ -47.0021982, -23.8671226 ], [ -47.0019812, -23.8701213 ], [ -46.9967042, -23.873017 ], [ -46.9958763, -23.8787289 ], [ -46.9936558, -23.8818849 ], [ -46.9943217, -23.8835141 ], [ -46.9910136, -23.8849112 ], [ -46.9884018, -23.8892432 ], [ -46.9888767, -23.8908036 ], [ -46.9914248, -23.8916979 ], [ -46.9920507, -23.8939739 ], [ -46.9882427, -23.8930324 ], [ -46.9876378, -23.894833 ], [ -46.9859721, -23.8938035 ], [ -46.9830031, -23.8949588 ], [ -46.9830081, -23.8935613 ], [ -46.9817873, -23.8941716 ], [ -46.9808981, -23.8931089 ], [ -46.9813104, -23.8914352 ], [ -46.9739635, -23.8871186 ], [ -46.9679805, -23.8926669 ], [ -46.9635547, -23.8933802 ], [ -46.9616937, -23.9003903 ], [ -46.9563356, -23.900361 ], [ -46.9541701, -23.9069205 ], [ -46.9555035, -23.9086341 ], [ -46.9511283, -23.9111673 ], [ -46.9516624, -23.9141228 ], [ -46.9501583, -23.9178476 ], [ -46.9511142, -23.9216155 ], [ -46.9441983, -23.9309897 ], [ -46.9397063, -23.9288928 ], [ -46.9373539, -23.9293763 ], [ -46.9312674, -23.9348703 ], [ -46.9241608, -23.936911 ], [ -46.9213169, -23.9367232 ], [ -46.9189821, -23.933564 ], [ -46.9156944, -23.9384371 ], [ -46.913108, -23.9370134 ], [ -46.9121832, -23.9343849 ], [ -46.9097906, -23.9365288 ], [ -46.9075623, -23.9360376 ], [ -46.9038117, -23.9418611 ], [ -46.9029829, -23.9398676 ], [ -46.8993176, -23.9406279 ], [ -46.898333799999989, -23.9387377 ], [ -46.8934278, -23.9381466 ], [ -46.8901345, -23.933204 ], [ -46.8866654, -23.9338869 ], [ -46.8845733, -23.9309253 ], [ -46.8790807, -23.9282436 ], [ -46.8735994, -23.929694 ], [ -46.8722007, -23.9354567 ], [ -46.8698575, -23.9359577 ], [ -46.8637562, -23.9334728 ], [ -46.8624474, -23.9359578 ], [ -46.8597421, -23.9355409 ], [ -46.8584161, -23.9387624 ], [ -46.8561378, -23.938146 ], [ -46.8544029, -23.9396915 ], [ -46.8536738, -23.9379009 ], [ -46.849924, -23.9385124 ], [ -46.8491328, -23.9362278 ], [ -46.8446443, -23.9350311 ], [ -46.8426167, -23.9379675 ], [ -46.8403453, -23.934708 ], [ -46.8380109, -23.9357621 ], [ -46.8364606, -23.9340996 ], [ -46.832821, -23.9342317 ], [ -46.8277685, -23.9315571 ], [ -46.8247704, -23.9279512 ], [ -46.8234801, -23.9292061 ], [ -46.8211924, -23.928288 ], [ -46.812885, -23.9196008 ], [ -46.810684, -23.920464 ], [ -46.8067173, -23.9393747 ], [ -46.8135525, -23.9398464 ], [ -46.8172348, -23.9435454 ], [ -46.8201995, -23.9422363 ], [ -46.8223059, -23.9444564 ], [ -46.8299233, -23.9473052 ], [ -46.828624, -23.9504889 ], [ -46.8237554, -23.9538211 ], [ -46.8237873, -23.9562359 ], [ -46.8262628, -23.958263 ], [ -46.8272278, -23.9570424 ], [ -46.8347854, -23.9562705 ], [ -46.8386498, -23.9586035 ], [ -46.839589, -23.9620097 ], [ -46.845172, -23.9626817 ], [ -46.8485597, -23.9650661 ], [ -46.8512575, -23.9700285 ], [ -46.8553134, -23.9734973 ], [ -46.8566193, -23.9726398 ], [ -46.8578103, -23.9738904 ], [ -46.862291, -23.9741884 ], [ -46.8676163, -23.9801488 ], [ -46.873616, -23.9786189 ], [ -46.8825104, -23.9839614 ], [ -46.8830399, -23.9895682 ], [ -46.8751178, -24.0018095 ], [ -46.8739001, -24.0019409 ], [ -46.871035, -23.9985732 ], [ -46.8691756, -24.0007157 ], [ -46.8707086, -24.0025299 ], [ -46.868485799999988, -24.0096306 ], [ -46.8734001, -24.0140272 ], [ -46.8733135, -24.0161061 ], [ -46.8693742, -24.0165086 ], [ -46.8676694, -24.0191746 ], [ -46.8718671, -24.0238795 ], [ -46.874726, -24.0227112 ], [ -46.8759572, -24.0241513 ], [ -46.8826189, -24.0232906 ], [ -46.8853132, -24.0243842 ], [ -46.8854556, -24.0285872 ], [ -46.8930081, -24.0342443 ], [ -46.893341, -24.0360569 ], [ -46.8882322, -24.0367373 ], [ -46.889310699999989, -24.0385925 ], [ -46.8940423, -24.0417095 ], [ -46.897926, -24.0415778 ], [ -46.9003413, -24.0461444 ], [ -46.9084243, -24.0450168 ], [ -46.909792, -24.0418884 ], [ -46.9113159, -24.0415283 ], [ -46.9165957, -24.0437483 ], [ -46.9205886, -24.0415264 ], [ -46.9282027, -24.0450112 ], [ -46.9302883, -24.0445141 ], [ -46.9326489, -24.0422043 ], [ -46.9341765, -24.0356901 ], [ -46.9362067, -24.0333867 ], [ -46.9418975, -24.0363666 ], [ -46.9397077, -24.0387635 ], [ -46.9405357, -24.040033 ], [ -46.945842, -24.0405744 ], [ -46.946148099999988, -24.0436057 ], [ -46.9504804, -24.042472 ], [ -46.9530395, -24.0451852 ], [ -46.9540381, -24.0438314 ], [ -46.9608235, -24.0459473 ], [ -46.963097, -24.0457737 ], [ -46.9650133, -24.0432795 ], [ -46.9666505, -24.0437792 ], [ -46.9681839, -24.046175 ], [ -46.9649593, -24.0484378 ], [ -46.9673461, -24.0531903 ], [ -46.9635911, -24.0563065 ], [ -46.9646748, -24.0583943 ], [ -46.9684785, -24.0592975 ], [ -46.9706763, -24.0616087 ], [ -46.9734025, -24.0611017 ], [ -46.9786056, -24.0642507 ], [ -46.9803736, -24.0635139 ], [ -46.9836265, -24.0581438 ], [ -46.991363, -24.0585277 ], [ -46.995831, -24.0527778 ], [ -46.9977762, -24.052056 ], [ -47.0028501, -24.057092 ], [ -47.0066926, -24.0640637 ], [ -47.0165433, -24.0568615 ], [ -47.0197131, -24.0583484 ], [ -47.0212327, -24.0555101 ], [ -47.0268247, -24.0522913 ], [ -47.0266985, -24.0430448 ], [ -47.0299194, -24.042188 ], [ -47.0343344, -24.030847 ], [ -47.0393134, -24.0283409 ], [ -47.0406705, -24.0242867 ], [ -47.0460146, -24.0257795 ], [ -47.0463391, -24.0181747 ], [ -47.0560121, -24.0096186 ], [ -47.0617089, -24.0167356 ], [ -47.0648078, -24.0183441 ], [ -47.0643987, -24.022702 ], [ -47.0683855, -24.0253674 ], [ -47.0887011, -24.0172615 ], [ -47.0918884, -24.0175419 ], [ -47.0925857, -24.0098122 ], [ -47.0944837, -24.0099071 ], [ -47.0957735, -24.0065174 ], [ -47.0994087, -24.0055221 ], [ -47.0997601, -24.0001586 ], [ -47.0984335, -23.99827 ], [ -47.1039822, -23.9969989 ], [ -47.10711, -23.9938027 ], [ -47.1183755, -23.9978964 ], [ -47.1233842, -23.9968189 ], [ -47.1246639, -23.9979703 ], [ -47.1225485, -24.0006766 ], [ -47.1226699, -24.0082232 ], [ -47.1305998, -24.0092059 ], [ -47.1393643, -24.014195 ], [ -47.142444, -24.0113589 ], [ -47.1503955, -24.0106649 ], [ -47.1529777, -24.0063516 ], [ -47.1574545, -24.0064156 ], [ -47.1619549, -24.0031416 ], [ -47.1635863, -24.0037908 ], [ -47.1692117, -24.0021209 ], [ -47.1716981, -24.0036068 ], [ -47.1781047, -24.0034403 ], [ -47.183146, -24.0007538 ], [ -47.187459, -24.00257 ], [ -47.1902239, -23.9991284 ], [ -47.1934567, -23.9980365 ], [ -47.196822, -24.0012529 ], [ -47.1999532, -24.000595 ], [ -47.2005363, -23.9983661 ], [ -47.1970858, -23.9963331 ], [ -47.1949701, -23.9922589 ], [ -47.1887141, -23.9910786 ], [ -47.1923189, -23.983872 ], [ -47.1946122, -23.9820637 ], [ -47.1934076, -23.9802817 ], [ -47.1947095, -23.9769586 ], [ -47.1939578, -23.974705 ], [ -47.1967638, -23.9760401 ], [ -47.1977907, -23.9728531 ], [ -47.1998063, -23.972295 ], [ -47.20109, -23.9733787 ], [ -47.199693, -23.9697047 ], [ -47.200828, -23.9689056 ], [ -47.2046673, -23.9714084 ], [ -47.2061421, -23.9694425 ], [ -47.2058559, -23.9662111 ], [ -47.2085219, -23.964861 ], [ -47.2032319, -23.9593685 ], [ -47.195553, -23.9581882 ], [ -47.19373, -23.9534207 ], [ -47.1970188, -23.9533509 ], [ -47.1987087, -23.9486071 ], [ -47.1998926, -23.9498454 ], [ -47.2008669, -23.9490867 ], [ -47.2017382, -23.9452216 ], [ -47.2004468, -23.9391512 ], [ -47.198417799999987, -23.9389469 ], [ -47.1942751, -23.9419589 ], [ -47.1889898, -23.9395908 ], [ -47.1893376, -23.9347286 ], [ -47.1918115, -23.9328895 ], [ -47.1913352, -23.9280988 ], [ -47.1880229, -23.9310897 ], [ -47.1827385, -23.9303174 ], [ -47.1794427, -23.9373471 ], [ -47.1780355, -23.9363208 ], [ -47.1789746, -23.9334535 ], [ -47.1757494, -23.9318069 ], [ -47.170820199999987, -23.9346423 ], [ -47.1626824, -23.9341188 ], [ -47.1600035, -23.9355852 ], [ -47.1578814, -23.9260915 ], [ -47.1557662, -23.923676 ], [ -47.1561578, -23.9212582 ], [ -47.1506393, -23.9183999 ], [ -47.146658, -23.9129966 ], [ -47.1427077, -23.9117997 ], [ -47.1427197, -23.9087174 ], [ -47.1384953, -23.9049422 ], [ -47.138172399999988, -23.9031335 ], [ -47.1442635, -23.9014422 ], [ -47.1391024, -23.8998718 ], [ -47.1349254, -23.8943573 ], [ -47.1353033, -23.8911978 ], [ -47.1376684, -23.890981 ], [ -47.1366348, -23.8898013 ], [ -47.1396345, -23.8908347 ], [ -47.1396797, -23.8899273 ], [ -47.1368574, -23.8884391 ], [ -47.1368588, -23.8857041 ], [ -47.1335311, -23.883461 ], [ -47.1324869, -23.884448 ], [ -47.1347216, -23.8818301 ], [ -47.1332161, -23.8792411 ], [ -47.1295505, -23.8788133 ], [ -47.1272993, -23.876592 ], [ -47.1266397, -23.8744611 ], [ -47.1292512, -23.8750964 ], [ -47.1331296, -23.873325 ], [ -47.1319187, -23.872619 ], [ -47.1323181, -23.8694218 ], [ -47.1300172, -23.869326 ], [ -47.1309043, -23.868501 ], [ -47.1292576, -23.8637961 ], [ -47.1298253, -23.8612821 ], [ -47.1253738, -23.8606325 ], [ -47.1251099, -23.8579361 ], [ -47.1229075, -23.8566532 ], [ -47.1234574, -23.8531051 ], [ -47.1180626, -23.8497531 ], [ -47.1172621, -23.8411486 ], [ -47.1149284, -23.8401985 ], [ -47.112996099999989, -23.8433679 ], [ -47.1103329, -23.8424237 ], [ -47.1075387, -23.8482914 ], [ -47.1029705, -23.8488482 ], [ -47.1018529, -23.8472432 ], [ -47.0997416, -23.8476172 ], [ -47.0961292, -23.845857 ], [ -47.0939888, -23.8472386 ], [ -47.0890452, -23.8470011 ], [ -47.0790548, -23.8431742 ], [ -47.0743629, -23.8433625 ], [ -47.072649, -23.841852 ], [ -47.0659032, -23.8434899 ], [ -47.066045, -23.8379674 ], [ -47.0595799, -23.8429777 ], [ -47.0579177, -23.843241 ], [ -47.0567479, -23.841593 ], [ -47.0552576, -23.8439699 ], [ -47.051103499999989, -23.844187 ], [ -47.0474122, -23.8408851 ], [ -47.044047, -23.8397341 ], [ -47.0431949, -23.8406715 ], [ -47.0445135, -23.8373393 ], [ -47.0407779, -23.8380394 ], [ -47.0424093, -23.8360778 ] ] ] } },
{ "type": "Feature", "properties": { "code_muni": 3528502.0, "name_muni": "Mairiporã", "code_state": 35.0, "abbrev_sta": "SP", "name_state": "São Paulo", "code_regio": 3.0, "name_regio": "Sudeste" }, "geometry": { "type": "Polygon", "coordinates": [ [ [ -46.60501, -23.229133 ], [ -46.604096, -23.235164 ], [ -46.601173, -23.234241 ], [ -46.589858, -23.236681 ], [ -46.583386, -23.232775 ], [ -46.575295, -23.232543 ], [ -46.568253, -23.233735 ], [ -46.566764, -23.235865 ], [ -46.563602, -23.236548 ], [ -46.558956, -23.235209 ], [ -46.553512, -23.236246 ], [ -46.551501, -23.239339 ], [ -46.546229, -23.241379 ], [ -46.539578, -23.239766 ], [ -46.529002, -23.241544 ], [ -46.5238, -23.238073 ], [ -46.520164, -23.237444 ], [ -46.516779, -23.238513 ], [ -46.5153801, -23.2375019 ], [ -46.515324, -23.244159 ], [ -46.513474, -23.247482 ], [ -46.514195, -23.250163 ], [ -46.503069, -23.247942 ], [ -46.499896, -23.252783 ], [ -46.491828, -23.255252 ], [ -46.482865, -23.265322 ], [ -46.483138, -23.266948 ], [ -46.478456, -23.269392 ], [ -46.476232, -23.274901 ], [ -46.472741, -23.276643 ], [ -46.472356, -23.280916 ], [ -46.470818, -23.28266 ], [ -46.462804, -23.280065 ], [ -46.460636, -23.278071 ], [ -46.46184, -23.272439 ], [ -46.459384, -23.270338 ], [ -46.454015, -23.273106 ], [ -46.447892, -23.270024 ], [ -46.446926, -23.271495 ], [ -46.439744, -23.273439 ], [ -46.434303, -23.279628 ], [ -46.43748, -23.284437 ], [ -46.427461, -23.291596 ], [ -46.427635, -23.294938 ], [ -46.425434, -23.297358 ], [ -46.425915, -23.30185 ], [ -46.42165, -23.307642 ], [ -46.418334, -23.315979 ], [ -46.423279, -23.316406 ], [ -46.422925, -23.319325 ], [ -46.42546, -23.323395 ], [ -46.427519, -23.323377 ], [ -46.430416, -23.328794 ], [ -46.433672, -23.330706 ], [ -46.431663, -23.335425 ], [ -46.438623, -23.33945 ], [ -46.439095, -23.341989 ], [ -46.444303, -23.340828 ], [ -46.443765, -23.343235 ], [ -46.448485, -23.349939 ], [ -46.444293, -23.355946 ], [ -46.445, -23.358715 ], [ -46.4579941, -23.3565641 ], [ -46.462535, -23.357615 ], [ -46.468471, -23.356547 ], [ -46.4745113, -23.3618433 ], [ -46.477948, -23.36114 ], [ -46.480521, -23.362241 ], [ -46.4866669, -23.3580538 ], [ -46.4873552, -23.3507558 ], [ -46.4959434, -23.3482262 ], [ -46.4988106, -23.3509609 ], [ -46.506521, -23.352528 ], [ -46.509912, -23.355393 ], [ -46.520522, -23.354519 ], [ -46.525586, -23.358626 ], [ -46.535438, -23.363305 ], [ -46.540507, -23.360532 ], [ -46.542137, -23.358152 ], [ -46.549432, -23.356293 ], [ -46.552011, -23.357914 ], [ -46.554968, -23.363557 ], [ -46.560155, -23.368655 ], [ -46.565795, -23.371203 ], [ -46.56852, -23.375736 ], [ -46.579913, -23.373802 ], [ -46.581009, -23.376949 ], [ -46.583275, -23.377444 ], [ -46.585516, -23.380305 ], [ -46.600605, -23.38844 ], [ -46.59874, -23.394412 ], [ -46.60585, -23.398033 ], [ -46.611771, -23.406057 ], [ -46.611447, -23.410183 ], [ -46.61436, -23.412173 ], [ -46.612823, -23.41755 ], [ -46.619336, -23.418341 ], [ -46.623173, -23.416599 ], [ -46.621506, -23.422491 ], [ -46.627187, -23.423221 ], [ -46.631351, -23.428271 ], [ -46.634253, -23.429275 ], [ -46.635727, -23.4276 ], [ -46.642444, -23.427529 ], [ -46.656006, -23.431038 ], [ -46.659858, -23.426227 ], [ -46.6638, -23.424328 ], [ -46.6697514, -23.418593 ], [ -46.669488, -23.4158518 ], [ -46.6665603, -23.4129435 ], [ -46.6641, -23.4065149 ], [ -46.6549397, -23.3949808 ], [ -46.6573255, -23.3939797 ], [ -46.6563661, -23.3910717 ], [ -46.659224699999989, -23.3896688 ], [ -46.6556844, -23.386459 ], [ -46.6567451, -23.3841094 ], [ -46.660639, -23.382309 ], [ -46.659499, -23.380964 ], [ -46.6600894, -23.3752119 ], [ -46.664351, -23.375927 ], [ -46.66741, -23.374249 ], [ -46.667447, -23.37004 ], [ -46.670187, -23.363096 ], [ -46.665472, -23.351743 ], [ -46.660823, -23.334829 ], [ -46.657909, -23.33092 ], [ -46.658449, -23.329356 ], [ -46.662909, -23.327069 ], [ -46.663202, -23.32518 ], [ -46.645337, -23.318602 ], [ -46.645394, -23.31192 ], [ -46.642869, -23.311527 ], [ -46.641835, -23.309028 ], [ -46.635834, -23.305295 ], [ -46.638713, -23.300316 ], [ -46.646531, -23.295447 ], [ -46.647455, -23.287618 ], [ -46.650953, -23.288179 ], [ -46.653142, -23.284417 ], [ -46.659448, -23.283254 ], [ -46.660735, -23.280888 ], [ -46.658706, -23.277677 ], [ -46.656189, -23.278408 ], [ -46.647761, -23.275511 ], [ -46.647915, -23.27296 ], [ -46.643048, -23.265446 ], [ -46.638062, -23.264936 ], [ -46.637107, -23.25808 ], [ -46.634297, -23.257463 ], [ -46.629729, -23.259108 ], [ -46.626406, -23.256211 ], [ -46.622848, -23.256858 ], [ -46.622563, -23.244619 ], [ -46.621772, -23.242179 ], [ -46.617603, -23.240313 ], [ -46.617, -23.233301 ], [ -46.61453, -23.230748 ], [ -46.615501, -23.227563 ], [ -46.609922, -23.225823 ], [ -46.606979, -23.22672 ], [ -46.60501, -23.229133 ] ] ] } },
{ "type": "Feature", "properties": { "code_muni": 3529401.0, "name_muni": "Mauá", "code_state": 35.0, "abbrev_sta": "SP", "name_state": "São Paulo", "code_regio": 3.0, "name_regio": "Sudeste" }, "geometry": { "type": "Polygon", "coordinates": [ [ [ -46.3947841, -23.6125183 ], [ -46.3895575, -23.6125515 ], [ -46.3846076, -23.6153166 ], [ -46.3838852, -23.6177186 ], [ -46.3920484, -23.626502 ], [ -46.3922315, -23.6293218 ], [ -46.3940353, -23.630619 ], [ -46.3943621, -23.6370727 ], [ -46.4000449, -23.6448063 ], [ -46.3988538, -23.6540861 ], [ -46.3919172, -23.6691992 ], [ -46.3935527, -23.6720269 ], [ -46.3964077, -23.6709279 ], [ -46.3982751, -23.6735233 ], [ -46.4031695, -23.6761253 ], [ -46.4047962, -23.6755484 ], [ -46.406824, -23.6792051 ], [ -46.4118039, -23.6817079 ], [ -46.4123227, -23.684656 ], [ -46.4193615, -23.6814539 ], [ -46.4222142, -23.6784278 ], [ -46.4239409, -23.6791308 ], [ -46.4271237, -23.6776837 ], [ -46.4300383, -23.6801759 ], [ -46.4305068, -23.6846999 ], [ -46.4355056, -23.6853543 ], [ -46.4368788, -23.6881995 ], [ -46.4430736, -23.693743 ], [ -46.4429119, -23.69656 ], [ -46.448842, -23.7005049 ], [ -46.4498425, -23.70275 ], [ -46.4584748, -23.7066367 ], [ -46.4609293, -23.7066025 ], [ -46.462066, -23.709656 ], [ -46.465821399999989, -23.7102973 ], [ -46.4687327, -23.7125993 ], [ -46.4693036, -23.7162964 ], [ -46.4761337, -23.7164432 ], [ -46.4749833, -23.7182889 ], [ -46.4765103, -23.719483 ], [ -46.481374, -23.71816 ], [ -46.483448, -23.71596 ], [ -46.483365, -23.711432 ], [ -46.489812, -23.711392 ], [ -46.491748, -23.708967 ], [ -46.489054, -23.706709 ], [ -46.490887, -23.705269 ], [ -46.491144, -23.697905 ], [ -46.489146, -23.694924 ], [ -46.486102, -23.693825 ], [ -46.485294, -23.689037 ], [ -46.483048, -23.687354 ], [ -46.483332, -23.685016 ], [ -46.480281, -23.68072 ], [ -46.481017, -23.673674 ], [ -46.489994, -23.661724 ], [ -46.493313, -23.659958 ], [ -46.497241, -23.661063 ], [ -46.49948, -23.656665 ], [ -46.495895, -23.656204 ], [ -46.491836, -23.650853 ], [ -46.486823, -23.648802 ], [ -46.482421, -23.6495 ], [ -46.481491, -23.648272 ], [ -46.486348, -23.640099 ], [ -46.482789, -23.630038 ], [ -46.485452, -23.622978 ], [ -46.477286, -23.625957 ], [ -46.47537, -23.633843 ], [ -46.472313, -23.638835 ], [ -46.465301, -23.638394 ], [ -46.458222, -23.641871 ], [ -46.454091, -23.64089 ], [ -46.452421, -23.642482 ], [ -46.443106, -23.64393 ], [ -46.440014, -23.641875 ], [ -46.431518, -23.641104 ], [ -46.431763, -23.637601 ], [ -46.430061, -23.636119 ], [ -46.424581, -23.640083 ], [ -46.423338, -23.644306 ], [ -46.421087, -23.643656 ], [ -46.420373, -23.6409873 ], [ -46.4156378, -23.6402747 ], [ -46.4138022, -23.6359674 ], [ -46.4071241, -23.6324152 ], [ -46.40644, -23.6297816 ], [ -46.408013, -23.6268684 ], [ -46.4064036, -23.6233847 ], [ -46.4035356, -23.6237112 ], [ -46.4011369, -23.6221799 ], [ -46.3947841, -23.6125183 ] ] ] } },
{ "type": "Feature", "properties": { "code_muni": 3530607.0, "name_muni": "Mogi das Cruzes", "code_state": 35.0, "abbrev_sta": "SP", "name_state": "São Paulo", "code_regio": 3.0, "name_regio": "Sudeste" }, "geometry": { "type": "Polygon", "coordinates": [ [ [ -46.1574303, -23.3427973 ], [ -46.1567176, -23.3450219 ], [ -46.15691, -23.352773 ], [ -46.1549105, -23.3599779 ], [ -46.1559665, -23.3629573 ], [ -46.152938, -23.367471 ], [ -46.156285, -23.371445 ], [ -46.156681, -23.376217 ], [ -46.158746, -23.379837 ], [ -46.157818, -23.38236 ], [ -46.160501, -23.388275 ], [ -46.158764, -23.391953 ], [ -46.155064, -23.393767 ], [ -46.14814, -23.401891 ], [ -46.146923, -23.404879 ], [ -46.147559, -23.407932 ], [ -46.142722, -23.410999 ], [ -46.142089, -23.415327 ], [ -46.153789, -23.423584 ], [ -46.15505, -23.426603 ], [ -46.139665, -23.440398 ], [ -46.13412, -23.437006 ], [ -46.131276, -23.43807 ], [ -46.127754, -23.435827 ], [ -46.121344, -23.435481 ], [ -46.114266, -23.438407 ], [ -46.111771, -23.445828 ], [ -46.106588, -23.448179 ], [ -46.105605, -23.455379 ], [ -46.102769, -23.453965 ], [ -46.099927, -23.455613 ], [ -46.089544, -23.451752 ], [ -46.083335, -23.452636 ], [ -46.077948, -23.451014 ], [ -46.073958, -23.4524 ], [ -46.059124, -23.465033 ], [ -46.053775, -23.473508 ], [ -46.054407, -23.479244 ], [ -46.051954, -23.481998 ], [ -46.053196, -23.485001 ], [ -46.051108, -23.488759 ], [ -46.063957, -23.493089 ], [ -46.066058, -23.506867 ], [ -46.069893, -23.508961 ], [ -46.071409, -23.511838 ], [ -46.076225, -23.509674 ], [ -46.078328, -23.512327 ], [ -46.077039, -23.514675 ], [ -46.085307, -23.513017 ], [ -46.085972, -23.50998 ], [ -46.088148, -23.508034 ], [ -46.093945, -23.51063 ], [ -46.09743, -23.510115 ], [ -46.098577, -23.506888 ], [ -46.103466, -23.507421 ], [ -46.10389, -23.512474 ], [ -46.107963, -23.511246 ], [ -46.100003, -23.52144 ], [ -46.099621, -23.524116 ], [ -46.101704, -23.526948 ], [ -46.108586, -23.531459 ], [ -46.112126, -23.540789 ], [ -46.108849, -23.544795 ], [ -46.108465, -23.547359 ], [ -46.10997, -23.548341 ], [ -46.10884, -23.551006 ], [ -46.11117, -23.55271 ], [ -46.1065355, -23.5553838 ], [ -46.1052559, -23.5546018 ], [ -46.102337, -23.555605 ], [ -46.099425, -23.560626 ], [ -46.094493, -23.562314 ], [ -46.09386, -23.565187 ], [ -46.089764, -23.569488 ], [ -46.08801, -23.575431 ], [ -46.088579, -23.580445 ], [ -46.090596, -23.582593 ], [ -46.089709, -23.589476 ], [ -46.091286, -23.592979 ], [ -46.089935, -23.59401 ], [ -46.087645, -23.602603 ], [ -46.087783, -23.607438 ], [ -46.08907, -23.60886 ], [ -46.088065, -23.612009 ], [ -46.094737, -23.623537 ], [ -46.093774, -23.623338 ], [ -46.094598, -23.625005 ], [ -46.088426, -23.638637 ], [ -46.088907, -23.640884 ], [ -46.090734, -23.64187 ], [ -46.09216, -23.648231 ], [ -46.098551, -23.653483 ], [ -46.097765, -23.660907 ], [ -46.100491, -23.661882 ], [ -46.103138, -23.665714 ], [ -46.100855, -23.667529 ], [ -46.096559, -23.667509 ], [ -46.091241, -23.665171 ], [ -46.088678, -23.665879 ], [ -46.084595, -23.664266 ], [ -46.082689, -23.664749 ], [ -46.081534, -23.673749 ], [ -46.082743, -23.683048 ], [ -46.086661, -23.688523 ], [ -46.093219, -23.704897 ], [ -46.099058, -23.712767 ], [ -46.099276, -23.716664 ], [ -46.100905, -23.71845 ], [ -46.104004, -23.715301 ], [ -46.103127, -23.712716 ], [ -46.104585, -23.711245 ], [ -46.106503, -23.711598 ], [ -46.109027, -23.715429 ], [ -46.111467, -23.714882 ], [ -46.113919, -23.717801 ], [ -46.118191, -23.715766 ], [ -46.122546, -23.71872 ], [ -46.12357, -23.717138 ], [ -46.122408, -23.714879 ], [ -46.124325, -23.714984 ], [ -46.12612, -23.712895 ], [ -46.131817, -23.724869 ], [ -46.136225, -23.724703 ], [ -46.137776, -23.726385 ], [ -46.139854, -23.725856 ], [ -46.147793, -23.728265 ], [ -46.150235, -23.732527 ], [ -46.155867, -23.736213 ], [ -46.158596, -23.732221 ], [ -46.163963, -23.732707 ], [ -46.165844, -23.734365 ], [ -46.17035, -23.732328 ], [ -46.174156, -23.735784 ], [ -46.176869, -23.735897 ], [ -46.178418, -23.745672 ], [ -46.186406, -23.744683 ], [ -46.194087, -23.754228 ], [ -46.196616, -23.752797 ], [ -46.1992, -23.753073 ], [ -46.201109, -23.751303 ], [ -46.208104, -23.751281 ], [ -46.207993, -23.745532 ], [ -46.210245, -23.741721 ], [ -46.217723, -23.744114 ], [ -46.222641, -23.740464 ], [ -46.225217, -23.740454 ], [ -46.227006, -23.736976 ], [ -46.234897, -23.737213 ], [ -46.238761, -23.735359 ], [ -46.241995, -23.741093 ], [ -46.247877, -23.746289 ], [ -46.246703, -23.752354 ], [ -46.248858, -23.756896 ], [ -46.255655, -23.759957 ], [ -46.255331, -23.763049 ], [ -46.257983, -23.766186 ], [ -46.26028, -23.767913 ], [ -46.273441, -23.765988 ], [ -46.278391, -23.770307 ], [ -46.283478, -23.766931 ], [ -46.283487, -23.764523 ], [ -46.285494, -23.762935 ], [ -46.285926, -23.75774 ], [ -46.294472, -23.748789 ], [ -46.296698, -23.748717 ], [ -46.298509, -23.751017 ], [ -46.302403, -23.751245 ], [ -46.306136, -23.747999 ], [ -46.312199, -23.74731 ], [ -46.315265, -23.744566 ], [ -46.319966, -23.745378 ], [ -46.321927, -23.744429 ], [ -46.319438, -23.744359 ], [ -46.312724, -23.740584 ], [ -46.308018, -23.735926 ], [ -46.306816, -23.731971 ], [ -46.297186, -23.72318 ], [ -46.295155, -23.717964 ], [ -46.29673, -23.715217 ], [ -46.295194, -23.71091 ], [ -46.297867, -23.704863 ], [ -46.297077, -23.703516 ], [ -46.277843, -23.690907 ], [ -46.270745, -23.688835 ], [ -46.266078, -23.684831 ], [ -46.267443, -23.683 ], [ -46.264565, -23.676612 ], [ -46.2604928, -23.6735194 ], [ -46.2602376, -23.6695371 ], [ -46.257841, -23.6698186 ], [ -46.2570603, -23.6668952 ], [ -46.2590259, -23.6663288 ], [ -46.2576532, -23.6625025 ], [ -46.2587122, -23.6599691 ], [ -46.2573928, -23.6596093 ], [ -46.257943, -23.6564528 ], [ -46.2545207, -23.6517326 ], [ -46.2583002, -23.6430293 ], [ -46.2570522, -23.6401957 ], [ -46.2595802, -23.6374996 ], [ -46.2591736, -23.6349331 ], [ -46.264526499999988, -23.6308747 ], [ -46.263451, -23.6307459 ], [ -46.2646962, -23.6285073 ], [ -46.2636006, -23.6241826 ], [ -46.2614609, -23.6205378 ], [ -46.2618649, -23.6150344 ], [ -46.2590012, -23.6117845 ], [ -46.263578, -23.609143 ], [ -46.266196, -23.60369 ], [ -46.265024, -23.600745 ], [ -46.2681, -23.592244 ], [ -46.279024, -23.578797 ], [ -46.2816925, -23.5703585 ], [ -46.2849831, -23.5659566 ], [ -46.280513, -23.5590919 ], [ -46.28071, -23.5563134 ], [ -46.2788033, -23.5550879 ], [ -46.2813584, -23.5509461 ], [ -46.2795029, -23.5459422 ], [ -46.2713253, -23.5448912 ], [ -46.2704845, -23.5398748 ], [ -46.26814, -23.5396505 ], [ -46.2693149, -23.5374244 ], [ -46.2633127, -23.5344138 ], [ -46.2647272, -23.5319951 ], [ -46.262171, -23.524248 ], [ -46.266103, -23.519685 ], [ -46.267403, -23.513862 ], [ -46.269493, -23.512798 ], [ -46.268085, -23.510368 ], [ -46.269148, -23.504359 ], [ -46.265453, -23.500491 ], [ -46.264152, -23.496392 ], [ -46.265136, -23.488912 ], [ -46.2678035, -23.4857836 ], [ -46.2716594, -23.4850792 ], [ -46.2829732, -23.487453 ], [ -46.2859203, -23.4893276 ], [ -46.288822, -23.489105 ], [ -46.289466, -23.484943 ], [ -46.286029, -23.481695 ], [ -46.281185, -23.48121 ], [ -46.281486, -23.475909 ], [ -46.286137, -23.466162 ], [ -46.2870061, -23.4600126 ], [ -46.2798099, -23.4571041 ], [ -46.277887, -23.452915 ], [ -46.2740934, -23.4501251 ], [ -46.2741974, -23.4478058 ], [ -46.2758652, -23.4465468 ], [ -46.2732801, -23.4449627 ], [ -46.2732179, -23.4375976 ], [ -46.2705992, -23.4298831 ], [ -46.267963, -23.429956 ], [ -46.2602479, -23.4263968 ], [ -46.2598884, -23.4228834 ], [ -46.257147, -23.4219746 ], [ -46.257936, -23.4205 ], [ -46.2559299, -23.4198443 ], [ -46.2561733, -23.4178114 ], [ -46.2491074, -23.4144887 ], [ -46.2504504, -23.4081427 ], [ -46.247678, -23.405621 ], [ -46.245189, -23.407714 ], [ -46.242215, -23.405015 ], [ -46.244263, -23.402939 ], [ -46.240663, -23.400597 ], [ -46.241113, -23.392549 ], [ -46.23756, -23.390928 ], [ -46.232063, -23.39078 ], [ -46.226284, -23.383147 ], [ -46.219736, -23.386018 ], [ -46.215925, -23.377841 ], [ -46.211842, -23.378227 ], [ -46.211402, -23.374531 ], [ -46.204524, -23.371556 ], [ -46.202915, -23.36792 ], [ -46.193487, -23.363402 ], [ -46.189256, -23.363634 ], [ -46.187429, -23.35986 ], [ -46.183876, -23.357629 ], [ -46.180412, -23.356383 ], [ -46.175823, -23.358329 ], [ -46.167422, -23.357831 ], [ -46.165075, -23.352841 ], [ -46.16174, -23.35007 ], [ -46.162972, -23.346021 ], [ -46.1574303, -23.3427973 ] ] ] } },
{ "type": "Feature", "properties": { "code_muni": 3534401.0, "name_muni": "Osasco", "code_state": 35.0, "abbrev_sta": "SP", "name_state": "São Paulo", "code_regio": 3.0, "name_regio": "Sudeste" }, "geometry": { "type": "Polygon", "coordinates": [ [ [ -46.769236, -23.458636 ], [ -46.775021, -23.464968 ], [ -46.775115, -23.471787 ], [ -46.770029, -23.475739 ], [ -46.77018, -23.483317 ], [ -46.766328, -23.49129 ], [ -46.75928, -23.493352 ], [ -46.755484, -23.496189 ], [ -46.757452, -23.499759 ], [ -46.761505, -23.501661 ], [ -46.763971, -23.506406 ], [ -46.761097, -23.509479 ], [ -46.76199, -23.510198 ], [ -46.757975, -23.513101 ], [ -46.757661, -23.515946 ], [ -46.753036, -23.517139 ], [ -46.753125, -23.519696 ], [ -46.751225, -23.52074 ], [ -46.747045, -23.520377 ], [ -46.749297, -23.524556 ], [ -46.751437, -23.525413 ], [ -46.756353, -23.524618 ], [ -46.760264, -23.529494 ], [ -46.760707, -23.545574 ], [ -46.75878, -23.548923 ], [ -46.759989, -23.549853 ], [ -46.760125, -23.554835 ], [ -46.765092, -23.56325 ], [ -46.768689, -23.56264 ], [ -46.771925, -23.565054 ], [ -46.773135, -23.570178 ], [ -46.779605, -23.570769 ], [ -46.781833, -23.574752 ], [ -46.785834, -23.574414 ], [ -46.787737, -23.577183 ], [ -46.791305, -23.577755 ], [ -46.795043, -23.582464 ], [ -46.797978, -23.583699 ], [ -46.801897, -23.582466 ], [ -46.806459, -23.58401 ], [ -46.807381, -23.585821 ], [ -46.805082, -23.588785 ], [ -46.808999, -23.598647 ], [ -46.807588, -23.602055 ], [ -46.809173, -23.602781 ], [ -46.807517, -23.604881 ], [ -46.807775, -23.609067 ], [ -46.810367, -23.604942 ], [ -46.815962, -23.603136 ], [ -46.818024, -23.599854 ], [ -46.81332, -23.593539 ], [ -46.813164, -23.589191 ], [ -46.816719, -23.587988 ], [ -46.816564, -23.5831456 ], [ -46.818004, -23.580782 ], [ -46.815589, -23.576524 ], [ -46.8143896, -23.5696012 ], [ -46.818034, -23.565855 ], [ -46.817822, -23.562227 ], [ -46.820614, -23.558823 ], [ -46.819977, -23.554034 ], [ -46.821827, -23.548869 ], [ -46.820706, -23.543716 ], [ -46.81774, -23.541776 ], [ -46.817331, -23.539973 ], [ -46.816471, -23.525726 ], [ -46.8174911, -23.5193193 ], [ -46.813852, -23.514149 ], [ -46.8103, -23.512469 ], [ -46.808455, -23.509951 ], [ -46.808206, -23.506757 ], [ -46.8121118, -23.5015748 ], [ -46.8122161, -23.4990626 ], [ -46.8069206, -23.4930827 ], [ -46.804333, -23.485946 ], [ -46.799753, -23.483688 ], [ -46.801612, -23.479321 ], [ -46.798812, -23.477022 ], [ -46.799712, -23.471974 ], [ -46.797074, -23.469801 ], [ -46.796027, -23.46293 ], [ -46.792009, -23.461484 ], [ -46.785412, -23.466173 ], [ -46.781602, -23.46382 ], [ -46.780272, -23.465129 ], [ -46.77696, -23.465061 ], [ -46.772248, -23.458919 ], [ -46.76984, -23.457985 ], [ -46.769236, -23.458636 ] ] ] } },
{ "type": "Feature", "properties": { "code_muni": 3539103.0, "name_muni": "Pirapora do Bom Jesus", "code_state": 35.0, "abbrev_sta": "SP", "name_state": "São Paulo", "code_regio": 3.0, "name_regio": "Sudeste" }, "geometry": { "type": "Polygon", "coordinates": [ [ [ -46.9414475, -23.3202623 ], [ -46.9405811, -23.3213517 ], [ -46.9391854, -23.3235042 ], [ -46.9379437, -23.3218533 ], [ -46.9381098, -23.3462909 ], [ -46.9408985, -23.3522716 ], [ -46.9373398, -23.3590374 ], [ -46.9346914, -23.3607608 ], [ -46.9347085, -23.3643581 ], [ -46.9295739, -23.3615747 ], [ -46.9280058, -23.3564365 ], [ -46.917259, -23.3563189 ], [ -46.9111004, -23.3530301 ], [ -46.9091534, -23.3556621 ], [ -46.9026532, -23.3587482 ], [ -46.9024902, -23.3666296 ], [ -46.9071295, -23.3700256 ], [ -46.9103885, -23.3690362 ], [ -46.9125636, -23.3723507 ], [ -46.9203304, -23.3767136 ], [ -46.9275244, -23.3763644 ], [ -46.9319018, -23.3791417 ], [ -46.9288303, -23.3875379 ], [ -46.9356602, -23.3850638 ], [ -46.9358873, -23.3884585 ], [ -46.9396151, -23.3887789 ], [ -46.9405852, -23.3918589 ], [ -46.9422579, -23.3908135 ], [ -46.9469618, -23.3911766 ], [ -46.9498398, -23.3925709 ], [ -46.952363399999989, -23.3967723 ], [ -46.95499, -23.3961225 ], [ -46.954833, -23.39868 ], [ -46.947463, -23.399025 ], [ -46.944396, -23.402101 ], [ -46.95009, -23.405142 ], [ -46.951215, -23.409045 ], [ -46.953411, -23.411014 ], [ -46.955985, -23.41025 ], [ -46.965087, -23.411548 ], [ -46.967199, -23.419032 ], [ -46.970943, -23.425477 ], [ -46.974959, -23.426362 ], [ -46.985249, -23.433087 ], [ -46.990018, -23.433552 ], [ -46.990638, -23.431052 ], [ -46.995502, -23.42941 ], [ -46.998333, -23.430918 ], [ -47.00683, -23.431355 ], [ -47.010626, -23.432909 ], [ -47.022579, -23.432224 ], [ -47.031298, -23.435641 ], [ -47.037523, -23.435569 ], [ -47.0351454, -23.4319799 ], [ -47.035528, -23.4272473 ], [ -47.0384835, -23.4233752 ], [ -47.0407444, -23.423806 ], [ -47.041479, -23.4170998 ], [ -47.0388956, -23.4154267 ], [ -47.0374115, -23.411833 ], [ -47.0398348, -23.4099343 ], [ -47.0372343, -23.4070432 ], [ -47.0395886, -23.4038253 ], [ -47.036909, -23.4023312 ], [ -47.0361237, -23.3990847 ], [ -47.0385848, -23.3957512 ], [ -47.0382795, -23.394011 ], [ -47.0410962, -23.3931727 ], [ -47.0426254, -23.3867469 ], [ -47.0378604, -23.3825966 ], [ -47.0370486, -23.3791263 ], [ -47.0336394, -23.3798781 ], [ -47.0305017, -23.3789279 ], [ -47.0290144, -23.3754958 ], [ -47.0306017, -23.37175 ], [ -47.034088, -23.3711489 ], [ -47.0361795, -23.3687808 ], [ -47.0387472, -23.3690202 ], [ -47.0396207, -23.3591049 ], [ -47.0429147, -23.3522613 ], [ -47.0312477, -23.3460128 ], [ -47.0250011, -23.3457766 ], [ -47.0212363, -23.3441257 ], [ -47.0173298, -23.3453575 ], [ -47.0153509, -23.3403334 ], [ -47.0078391, -23.3374488 ], [ -47.0049339, -23.3379792 ], [ -47.0027151, -23.3369078 ], [ -47.0005443, -23.3381417 ], [ -46.9999975, -23.3332458 ], [ -46.9957193, -23.3310003 ], [ -46.9928057, -23.3337525 ], [ -46.9914962, -23.3326513 ], [ -46.9889646, -23.3341547 ], [ -46.9875815, -23.3327035 ], [ -46.9836671, -23.3336404 ], [ -46.9781529, -23.3296327 ], [ -46.9744073, -23.3299867 ], [ -46.9703404, -23.3262355 ], [ -46.9640341, -23.3235745 ], [ -46.9592483, -23.3280282 ], [ -46.958547, -23.3263907 ], [ -46.9540358, -23.3248444 ], [ -46.950172099999989, -23.3242153 ], [ -46.9486651, -23.3262929 ], [ -46.9469865, -23.3247922 ], [ -46.945335, -23.3251629 ], [ -46.9449219, -23.3228198 ], [ -46.9414095, -23.3213825 ], [ -46.9414475, -23.3202623 ] ] ] } },
{ "type": "Feature", "properties": { "code_muni": 3539806.0, "name_muni": "Poá", "code_state": 35.0, "abbrev_sta": "SP", "name_state": "São Paulo", "code_regio": 3.0, "name_regio": "Sudeste" }, "geometry": { "type": "Polygon", "coordinates": [ [ [ -46.353634, -23.504813 ], [ -46.350654, -23.507675 ], [ -46.3298609, -23.5057048 ], [ -46.3279181, -23.5105198 ], [ -46.326151, -23.509443 ], [ -46.326313, -23.511082 ], [ -46.3243726, -23.511846 ], [ -46.326691, -23.514784 ], [ -46.324968, -23.515646 ], [ -46.327919, -23.516588 ], [ -46.329936, -23.520245 ], [ -46.3284374, -23.5223771 ], [ -46.3292675, -23.5294809 ], [ -46.331269, -23.5318562 ], [ -46.3313784, -23.5387648 ], [ -46.3412713, -23.5469621 ], [ -46.3424429, -23.5614631 ], [ -46.3499911, -23.5735111 ], [ -46.3528316, -23.5697203 ], [ -46.353529, -23.566209 ], [ -46.358148, -23.565391 ], [ -46.352935, -23.556963 ], [ -46.35667, -23.552171 ], [ -46.357087, -23.548917 ], [ -46.354164, -23.543534 ], [ -46.35513, -23.535855 ], [ -46.356425, -23.532896 ], [ -46.3603105, -23.531223 ], [ -46.3629338, -23.5278217 ], [ -46.3669502, -23.5271913 ], [ -46.3685245, -23.5234087 ], [ -46.3663957, -23.5121558 ], [ -46.353634, -23.504813 ] ] ] } },
{ "type": "Feature", "properties": { "code_muni": 3543303.0, "name_muni": "Ribeirão Pires", "code_state": 35.0, "abbrev_sta": "SP", "name_state": "São Paulo", "code_regio": 3.0, "name_regio": "Sudeste" }, "geometry": { "type": "Polygon", "coordinates": [ [ [ -46.3920484, -23.626502 ], [ -46.383416, -23.617663 ], [ -46.37829, -23.63608 ], [ -46.373966, -23.642938 ], [ -46.372039, -23.644198 ], [ -46.368402, -23.643937 ], [ -46.35706, -23.638501 ], [ -46.354121, -23.641405 ], [ -46.354515, -23.645575 ], [ -46.353139, -23.648294 ], [ -46.355299, -23.649635 ], [ -46.354849, -23.651401 ], [ -46.358297, -23.660497 ], [ -46.35618, -23.663606 ], [ -46.350047, -23.666808 ], [ -46.347597, -23.670717 ], [ -46.338486, -23.677881 ], [ -46.3367189, -23.6817377 ], [ -46.33665, -23.689714 ], [ -46.331739, -23.696553 ], [ -46.332252, -23.7039116 ], [ -46.330785, -23.709529 ], [ -46.334306, -23.704481 ], [ -46.336556, -23.707468 ], [ -46.335779, -23.712262 ], [ -46.339822, -23.713789 ], [ -46.340026, -23.715999 ], [ -46.342272, -23.715139 ], [ -46.344136, -23.716784 ], [ -46.347288, -23.715356 ], [ -46.350068, -23.717083 ], [ -46.355012, -23.717482 ], [ -46.3583971, -23.7135944 ], [ -46.361763, -23.713829 ], [ -46.362065, -23.711073 ], [ -46.364593, -23.708052 ], [ -46.367856, -23.710211 ], [ -46.371013, -23.709105 ], [ -46.374668, -23.709749 ], [ -46.3768026, -23.7119339 ], [ -46.381016, -23.708265 ], [ -46.384465, -23.708184 ], [ -46.385799, -23.712468 ], [ -46.382403, -23.717424 ], [ -46.385692, -23.724161 ], [ -46.388165, -23.723252 ], [ -46.3914933, -23.7247806 ], [ -46.393433, -23.722971 ], [ -46.398574, -23.722668 ], [ -46.4009748, -23.7301848 ], [ -46.405207, -23.729808 ], [ -46.410022, -23.73188 ], [ -46.412708, -23.736187 ], [ -46.416371, -23.735081 ], [ -46.414865, -23.741183 ], [ -46.420834, -23.750893 ], [ -46.418224, -23.756866 ], [ -46.418669, -23.759417 ], [ -46.420327, -23.760726 ], [ -46.422083, -23.759745 ], [ -46.428168, -23.761814 ], [ -46.428005, -23.765569 ], [ -46.437006, -23.767771 ], [ -46.440365, -23.766051 ], [ -46.442148, -23.769232 ], [ -46.44423, -23.768698 ], [ -46.444725, -23.770273 ], [ -46.447994, -23.76954 ], [ -46.450638, -23.770887 ], [ -46.455116, -23.767553 ], [ -46.457229, -23.767451 ], [ -46.457891, -23.763552 ], [ -46.452886, -23.759157 ], [ -46.454175, -23.756958 ], [ -46.457908, -23.755671 ], [ -46.457041, -23.751711 ], [ -46.46352, -23.746501 ], [ -46.467831, -23.740823 ], [ -46.471497, -23.73905 ], [ -46.46875, -23.732178 ], [ -46.469787, -23.727112 ], [ -46.468854, -23.725859 ], [ -46.4761879, -23.7164901 ], [ -46.4693036, -23.7162964 ], [ -46.4687327, -23.7125993 ], [ -46.465821399999989, -23.7102973 ], [ -46.462066, -23.709656 ], [ -46.4609293, -23.7066025 ], [ -46.4584748, -23.7066367 ], [ -46.4498425, -23.70275 ], [ -46.448842, -23.7005049 ], [ -46.4429119, -23.69656 ], [ -46.4430736, -23.693743 ], [ -46.4368788, -23.6881995 ], [ -46.4355056, -23.6853543 ], [ -46.4305068, -23.6846999 ], [ -46.4300383, -23.6801759 ], [ -46.4271237, -23.6776837 ], [ -46.4239409, -23.6791308 ], [ -46.4222142, -23.6784278 ], [ -46.4193615, -23.6814539 ], [ -46.4123227, -23.684656 ], [ -46.4118039, -23.6817079 ], [ -46.406824, -23.6792051 ], [ -46.4047962, -23.6755484 ], [ -46.4031695, -23.6761253 ], [ -46.3982751, -23.6735233 ], [ -46.3964077, -23.6709279 ], [ -46.3935527, -23.6720269 ], [ -46.3919172, -23.6691992 ], [ -46.3988538, -23.6540861 ], [ -46.4000352, -23.6447479 ], [ -46.3943621, -23.6370727 ], [ -46.3940353, -23.630619 ], [ -46.3922315, -23.6293218 ], [ -46.3920484, -23.626502 ] ] ] } },
{ "type": "Feature", "properties": { "code_muni": 3544103.0, "name_muni": "Rio Grande da Serra", "code_state": 35.0, "abbrev_sta": "SP", "name_state": "São Paulo", "code_regio": 3.0, "name_regio": "Sudeste" }, "geometry": { "type": "Polygon", "coordinates": [ [ [ -46.323737, -23.704102 ], [ -46.324576, -23.709278 ], [ -46.327312, -23.714247 ], [ -46.32608, -23.717814 ], [ -46.32679, -23.727861 ], [ -46.329111, -23.72814 ], [ -46.330907, -23.72652 ], [ -46.333439, -23.727219 ], [ -46.336236, -23.725582 ], [ -46.338389, -23.731399 ], [ -46.343519, -23.735266 ], [ -46.34362, -23.738099 ], [ -46.350167, -23.735572 ], [ -46.3545068, -23.7372171 ], [ -46.356891, -23.739724 ], [ -46.3601538, -23.7397284 ], [ -46.36171, -23.743073 ], [ -46.359054, -23.743684 ], [ -46.358766, -23.747085 ], [ -46.364738, -23.752866 ], [ -46.368537, -23.752637 ], [ -46.37026, -23.75429 ], [ -46.372814, -23.752469 ], [ -46.376301, -23.758828 ], [ -46.381361, -23.758662 ], [ -46.384788, -23.762162 ], [ -46.386768, -23.762308 ], [ -46.387306, -23.764012 ], [ -46.391207, -23.764056 ], [ -46.396672, -23.76766 ], [ -46.399454, -23.766434 ], [ -46.400326, -23.767706 ], [ -46.407876, -23.769952 ], [ -46.415207, -23.769157 ], [ -46.415664, -23.773063 ], [ -46.417324, -23.772033 ], [ -46.419407, -23.772953 ], [ -46.4211012, -23.771456 ], [ -46.42618, -23.773883 ], [ -46.427091, -23.771746 ], [ -46.42537, -23.769405 ], [ -46.428875, -23.765675 ], [ -46.427415, -23.764769 ], [ -46.428437, -23.762152 ], [ -46.418669, -23.759417 ], [ -46.418224, -23.756866 ], [ -46.420834, -23.750893 ], [ -46.414865, -23.741183 ], [ -46.416371, -23.735081 ], [ -46.412708, -23.736187 ], [ -46.410022, -23.73188 ], [ -46.405207, -23.729808 ], [ -46.4009748, -23.7301848 ], [ -46.398574, -23.722668 ], [ -46.393433, -23.722971 ], [ -46.3914933, -23.7247806 ], [ -46.388165, -23.723252 ], [ -46.385692, -23.724161 ], [ -46.382403, -23.717424 ], [ -46.385799, -23.712468 ], [ -46.384714, -23.708329 ], [ -46.381016, -23.708265 ], [ -46.3768026, -23.7119339 ], [ -46.374668, -23.709749 ], [ -46.371013, -23.709105 ], [ -46.367856, -23.710211 ], [ -46.364593, -23.708052 ], [ -46.362065, -23.711073 ], [ -46.361763, -23.713829 ], [ -46.3583971, -23.7135944 ], [ -46.355012, -23.717482 ], [ -46.350068, -23.717083 ], [ -46.347288, -23.715356 ], [ -46.344136, -23.716784 ], [ -46.342272, -23.715139 ], [ -46.340026, -23.715999 ], [ -46.339822, -23.713789 ], [ -46.335779, -23.712262 ], [ -46.336556, -23.707468 ], [ -46.334484, -23.704574 ], [ -46.330785, -23.709529 ], [ -46.328662, -23.707387 ], [ -46.3279846, -23.702254 ], [ -46.323737, -23.704102 ] ] ] } },
{ "type": "Feature", "properties": { "code_muni": 3545001.0, "name_muni": "Salesópolis", "code_state": 35.0, "abbrev_sta": "SP", "name_state": "São Paulo", "code_regio": 3.0, "name_regio": "Sudeste" }, "geometry": { "type": "Polygon", "coordinates": [ [ [ -45.8402627, -23.4721117 ], [ -45.837816, -23.4737672 ], [ -45.8363887, -23.4756783 ], [ -45.8373322, -23.479314 ], [ -45.835352, -23.4828678 ], [ -45.824138, -23.4888722 ], [ -45.8183034, -23.4896354 ], [ -45.8133395, -23.4996701 ], [ -45.8042016, -23.4943049 ], [ -45.8000718, -23.4946766 ], [ -45.7982183, -23.4919876 ], [ -45.7952041, -23.4912151 ], [ -45.7880148, -23.4935847 ], [ -45.7876036, -23.4958056 ], [ -45.7899439, -23.4972281 ], [ -45.7886341, -23.5018605 ], [ -45.7911483, -23.5063271 ], [ -45.7884429, -23.5091507 ], [ -45.7823714, -23.5099187 ], [ -45.772075199999989, -23.507153 ], [ -45.7636051, -23.511206 ], [ -45.756027, -23.5111595 ], [ -45.7592762, -23.5130211 ], [ -45.7619432, -23.5184805 ], [ -45.7596921, -23.5205328 ], [ -45.7605365, -23.5240092 ], [ -45.754198, -23.5261875 ], [ -45.7539806, -23.531966 ], [ -45.7460907, -23.5398288 ], [ -45.7470908, -23.5546333 ], [ -45.741247, -23.5613615 ], [ -45.7461274, -23.5661283 ], [ -45.7415361, -23.5721523 ], [ -45.7333736, -23.5720875 ], [ -45.730937, -23.5744871 ], [ -45.7316616, -23.5769855 ], [ -45.7356465, -23.5782923 ], [ -45.7403813, -23.5850474 ], [ -45.7381762, -23.5869025 ], [ -45.7339321, -23.5867135 ], [ -45.7340867, -23.5930682 ], [ -45.7392861, -23.5960081 ], [ -45.740004, -23.5988002 ], [ -45.7437527, -23.6020893 ], [ -45.7403546, -23.6039326 ], [ -45.7334344, -23.6031548 ], [ -45.7239168, -23.598178 ], [ -45.7214957, -23.5999336 ], [ -45.721454, -23.6063361 ], [ -45.7153279, -23.608783 ], [ -45.7059471, -23.60159 ], [ -45.7030226, -23.6042034 ], [ -45.7018428, -23.6088043 ], [ -45.7035437, -23.6111743 ], [ -45.696842, -23.6222041 ], [ -45.6977668, -23.6250323 ], [ -45.6949842, -23.6312271 ], [ -45.7006284, -23.6343266 ], [ -45.7074982, -23.6447732 ], [ -45.7103015, -23.6452931 ], [ -45.7114276, -23.6421971 ], [ -45.7138286, -23.6430399 ], [ -45.7209828, -23.6503823 ], [ -45.7262376, -23.6530302 ], [ -45.7277672, -23.6556672 ], [ -45.7336567, -23.656421 ], [ -45.7416925, -23.6681687 ], [ -45.7534978, -23.6713156 ], [ -45.763488, -23.671053 ], [ -45.7648389, -23.6742166 ], [ -45.7678637, -23.6753472 ], [ -45.7694324, -23.6785313 ], [ -45.777657, -23.683061 ], [ -45.784444, -23.681609 ], [ -45.786411, -23.678394 ], [ -45.791386, -23.683131 ], [ -45.796058, -23.682972 ], [ -45.794026, -23.680211 ], [ -45.798179, -23.6754 ], [ -45.805366, -23.676739 ], [ -45.808868, -23.675505 ], [ -45.814109, -23.676927 ], [ -45.820599, -23.674926 ], [ -45.823292, -23.676202 ], [ -45.825696, -23.674473 ], [ -45.830231, -23.67475 ], [ -45.829402, -23.672386 ], [ -45.832609, -23.669918 ], [ -45.838004, -23.669133 ], [ -45.835249, -23.664862 ], [ -45.831052, -23.663119 ], [ -45.831744, -23.65727 ], [ -45.833131, -23.656377 ], [ -45.831143, -23.651562 ], [ -45.832829, -23.651167 ], [ -45.833932, -23.648403 ], [ -45.841985, -23.648469 ], [ -45.845377, -23.643535 ], [ -45.847297, -23.645598 ], [ -45.848427, -23.64403 ], [ -45.850371, -23.644221 ], [ -45.850657, -23.64772 ], [ -45.854684, -23.646661 ], [ -45.854686, -23.649346 ], [ -45.856509, -23.650593 ], [ -45.855428, -23.653334 ], [ -45.857677, -23.655257 ], [ -45.862744, -23.652066 ], [ -45.87005, -23.655171 ], [ -45.872086, -23.654762 ], [ -45.873196, -23.652619 ], [ -45.875555, -23.65423 ], [ -45.883038, -23.653312 ], [ -45.887063, -23.657272 ], [ -45.89294, -23.655504 ], [ -45.899555, -23.655856 ], [ -45.900656, -23.658977 ], [ -45.90553, -23.660843 ], [ -45.905644, -23.664311 ], [ -45.911875, -23.664399 ], [ -45.916139, -23.666904 ], [ -45.91693, -23.665291 ], [ -45.92101, -23.664079 ], [ -45.920287, -23.658506 ], [ -45.9224297, -23.6579944 ], [ -45.9217065, -23.6558449 ], [ -45.9249555, -23.655474 ], [ -45.9239278, -23.6566154 ], [ -45.9286667, -23.6575698 ], [ -45.9299182, -23.6599107 ], [ -45.9310245, -23.6590872 ], [ -45.9309671, -23.6607165 ], [ -45.9321964, -23.6596024 ], [ -45.9342185, -23.6604342 ], [ -45.9355272, -23.6582884 ], [ -45.9383005, -23.6582281 ], [ -45.93618, -23.6544711 ], [ -45.9391865, -23.6527151 ], [ -45.9388525, -23.6513167 ], [ -45.9333135, -23.6522567 ], [ -45.9320923, -23.6514456 ], [ -45.9342389, -23.6489063 ], [ -45.9337229, -23.647834 ], [ -45.9368694, -23.646574 ], [ -45.9363599, -23.6439164 ], [ -45.93551, -23.6428788 ], [ -45.9313003, -23.6430273 ], [ -45.9326747, -23.6413082 ], [ -45.9284581, -23.639008 ], [ -45.9285416, -23.6372249 ], [ -45.9328034, -23.6357042 ], [ -45.9321779, -23.6327635 ], [ -45.9356914, -23.6355277 ], [ -45.9378235, -23.6349059 ], [ -45.9395423, -23.6322296 ], [ -45.9473547, -23.6356898 ], [ -45.9484209, -23.6338838 ], [ -45.9549786, -23.6348144 ], [ -45.960205, -23.6334501 ], [ -45.951363, -23.6281994 ], [ -45.9316787, -23.6112943 ], [ -45.9289333, -23.6036076 ], [ -45.9308226, -23.5929296 ], [ -45.9357387, -23.5862478 ], [ -45.9450078, -23.5815942 ], [ -45.9652483, -23.5808013 ], [ -45.965068, -23.553597 ], [ -45.968913, -23.547665 ], [ -45.965331, -23.543667 ], [ -45.968764, -23.542745 ], [ -45.968026, -23.540564 ], [ -45.969817, -23.538857 ], [ -45.98045, -23.541682 ], [ -45.988825, -23.537629 ], [ -45.987014, -23.537626 ], [ -45.981552, -23.533075 ], [ -45.981101, -23.529448 ], [ -45.985366, -23.528321 ], [ -45.985689, -23.524387 ], [ -45.990116, -23.522581 ], [ -45.992664, -23.519916 ], [ -45.985889, -23.517305 ], [ -45.983957, -23.517905 ], [ -45.982711, -23.514719 ], [ -45.977736, -23.509467 ], [ -45.977659, -23.50661 ], [ -45.9752, -23.503456 ], [ -45.9619131, -23.4970512 ], [ -45.9610003, -23.498817 ], [ -45.9497086, -23.5005082 ], [ -45.946605, -23.4959732 ], [ -45.9393777, -23.4943655 ], [ -45.9341708, -23.4971545 ], [ -45.9303616, -23.4973255 ], [ -45.9287969, -23.4991929 ], [ -45.9215181, -23.5005331 ], [ -45.9177227, -23.5056836 ], [ -45.913939, -23.5051488 ], [ -45.9113357, -23.5068342 ], [ -45.9026275, -23.5048274 ], [ -45.8989794, -23.4986477 ], [ -45.8901398, -23.4963969 ], [ -45.8876884, -23.4924814 ], [ -45.882723, -23.4953912 ], [ -45.8775914, -23.4899587 ], [ -45.8716057, -23.4898875 ], [ -45.865799, -23.4833465 ], [ -45.8607868, -23.4831872 ], [ -45.8509404, -23.480243 ], [ -45.8467439, -23.4741286 ], [ -45.843125, -23.4742743 ], [ -45.8402627, -23.4721117 ] ] ] } },
{ "type": "Feature", "properties": { "code_muni": 3546801.0, "name_muni": "Santa Isabel", "code_state": 35.0, "abbrev_sta": "SP", "name_state": "São Paulo", "code_regio": 3.0, "name_regio": "Sudeste" }, "geometry": { "type": "Polygon", "coordinates": [ [ [ -46.283098, -23.183761 ], [ -46.278026, -23.184767 ], [ -46.270854, -23.187714 ], [ -46.268092, -23.190584 ], [ -46.262198, -23.186387 ], [ -46.258328, -23.185697 ], [ -46.250595, -23.189007 ], [ -46.24425, -23.185888 ], [ -46.238885, -23.187514 ], [ -46.235229, -23.186702 ], [ -46.232566, -23.189651 ], [ -46.227907, -23.189245 ], [ -46.224675, -23.196238 ], [ -46.218589, -23.197434 ], [ -46.217073, -23.200006 ], [ -46.21442, -23.200453 ], [ -46.207948, -23.205026 ], [ -46.204882, -23.209674 ], [ -46.202375, -23.207817 ], [ -46.198511, -23.208296 ], [ -46.196077, -23.210269 ], [ -46.196283, -23.218793 ], [ -46.190915, -23.221228 ], [ -46.189094, -23.224376 ], [ -46.183962, -23.224183 ], [ -46.174416, -23.231124 ], [ -46.170229, -23.230155 ], [ -46.165017, -23.235146 ], [ -46.153407, -23.235558 ], [ -46.154624, -23.240608 ], [ -46.157508, -23.2423 ], [ -46.158154, -23.246574 ], [ -46.155963, -23.250722 ], [ -46.156941, -23.25492 ], [ -46.15196, -23.257334 ], [ -46.145746, -23.256827 ], [ -46.150622, -23.261535 ], [ -46.150668, -23.264246 ], [ -46.153543, -23.265825 ], [ -46.151963, -23.267518 ], [ -46.150958, -23.274343 ], [ -46.145215, -23.273663 ], [ -46.144245, -23.276378 ], [ -46.139513, -23.279765 ], [ -46.139216, -23.285014 ], [ -46.136674, -23.287507 ], [ -46.127315, -23.287191 ], [ -46.12339, -23.290215 ], [ -46.119359, -23.285482 ], [ -46.114168, -23.285402 ], [ -46.112747, -23.288583 ], [ -46.115126, -23.294324 ], [ -46.113814, -23.299335 ], [ -46.110258, -23.301767 ], [ -46.10279, -23.302932 ], [ -46.100655, -23.305558 ], [ -46.101804, -23.309237 ], [ -46.105419, -23.31099 ], [ -46.112702, -23.309724 ], [ -46.114764, -23.313484 ], [ -46.12468, -23.32073 ], [ -46.131646, -23.322706 ], [ -46.133607, -23.324044 ], [ -46.13413, -23.326394 ], [ -46.139382, -23.329194 ], [ -46.140153, -23.328413 ], [ -46.147612, -23.335206 ], [ -46.151398, -23.336209 ], [ -46.1520543, -23.3385341 ], [ -46.1562067, -23.3398314 ], [ -46.157654, -23.343058 ], [ -46.1631079, -23.3461915 ], [ -46.16174, -23.35007 ], [ -46.165075, -23.352841 ], [ -46.167422, -23.357831 ], [ -46.175823, -23.358329 ], [ -46.180412, -23.356383 ], [ -46.183876, -23.357629 ], [ -46.187429, -23.35986 ], [ -46.189256, -23.363634 ], [ -46.193487, -23.363402 ], [ -46.202915, -23.36792 ], [ -46.204524, -23.371556 ], [ -46.211402, -23.374531 ], [ -46.211842, -23.378227 ], [ -46.215925, -23.377841 ], [ -46.219736, -23.386018 ], [ -46.226284, -23.383147 ], [ -46.232063, -23.39078 ], [ -46.23756, -23.390928 ], [ -46.240963, -23.392442 ], [ -46.240663, -23.400597 ], [ -46.244238, -23.402795 ], [ -46.242124, -23.404765 ], [ -46.245359, -23.407744 ], [ -46.248389, -23.405219 ], [ -46.251567, -23.40593 ], [ -46.252927, -23.404663 ], [ -46.256206, -23.406249 ], [ -46.258412, -23.400048 ], [ -46.260665, -23.399879 ], [ -46.26682, -23.395477 ], [ -46.272589, -23.388883 ], [ -46.274708, -23.388531 ], [ -46.294151, -23.369851 ], [ -46.291726, -23.345995 ], [ -46.293739, -23.339797 ], [ -46.289858, -23.337197 ], [ -46.294513, -23.33355 ], [ -46.297016, -23.333403 ], [ -46.2982526, -23.3312516 ], [ -46.2964191, -23.3293509 ], [ -46.2997933, -23.3240092 ], [ -46.302796, -23.323686 ], [ -46.3038365, -23.3249229 ], [ -46.303854, -23.321956 ], [ -46.3053146, -23.3214005 ], [ -46.3124062, -23.3247208 ], [ -46.312592, -23.322014 ], [ -46.3188587, -23.3248731 ], [ -46.319475, -23.3263497 ], [ -46.323029, -23.326835 ], [ -46.323083, -23.3282914 ], [ -46.327097, -23.327678 ], [ -46.329639, -23.330867 ], [ -46.331945, -23.329976 ], [ -46.334434, -23.331754 ], [ -46.3346424, -23.3345781 ], [ -46.336536, -23.33476 ], [ -46.336483, -23.329231 ], [ -46.350419, -23.328998 ], [ -46.353794, -23.326697 ], [ -46.358146, -23.317751 ], [ -46.355861, -23.314439 ], [ -46.355333, -23.310322 ], [ -46.358756, -23.305442 ], [ -46.356395, -23.302873 ], [ -46.355425, -23.298327 ], [ -46.358212, -23.292104 ], [ -46.356241, -23.289015 ], [ -46.361641, -23.283144 ], [ -46.361989, -23.276713 ], [ -46.364157, -23.274083 ], [ -46.356876, -23.272567 ], [ -46.359286, -23.271125 ], [ -46.359771, -23.267791 ], [ -46.357916, -23.265623 ], [ -46.35381, -23.264964 ], [ -46.353944, -23.262709 ], [ -46.350202, -23.258435 ], [ -46.348066, -23.252645 ], [ -46.337167, -23.250639 ], [ -46.33294, -23.246858 ], [ -46.329657, -23.246343 ], [ -46.326665, -23.240792 ], [ -46.317597, -23.23371 ], [ -46.314401, -23.22883 ], [ -46.311501, -23.227427 ], [ -46.305542, -23.213005 ], [ -46.309999, -23.204751 ], [ -46.307672, -23.203135 ], [ -46.309012, -23.19996 ], [ -46.307913, -23.198197 ], [ -46.296933, -23.197011 ], [ -46.28563, -23.190692 ], [ -46.283098, -23.183761 ] ] ] } },
{ "type": "Feature", "properties": { "code_muni": 3547304.0, "name_muni": "Santana de Parnaíba", "code_state": 35.0, "abbrev_sta": "SP", "name_state": "São Paulo", "code_regio": 3.0, "name_regio": "Sudeste" }, "geometry": { "type": "Polygon", "coordinates": [ [ [ -46.9329818, -23.385231 ], [ -46.9297888, -23.387542 ], [ -46.9283699, -23.3877713 ], [ -46.9278562, -23.3897045 ], [ -46.9238704, -23.3888737 ], [ -46.9189454, -23.3901863 ], [ -46.9134837, -23.3866386 ], [ -46.9128007, -23.3899133 ], [ -46.9147522, -23.3907206 ], [ -46.9146418, -23.39237 ], [ -46.9122664, -23.392399 ], [ -46.90956, -23.3957501 ], [ -46.9084681, -23.3943156 ], [ -46.9066619, -23.3951113 ], [ -46.9026894, -23.3997227 ], [ -46.901522, -23.3984972 ], [ -46.9013594, -23.3995426 ], [ -46.8918753, -23.3999201 ], [ -46.8890469, -23.397899 ], [ -46.8866889, -23.3994962 ], [ -46.8876704, -23.3985785 ], [ -46.8859165, -23.3982475 ], [ -46.8864757, -23.3962897 ], [ -46.8850279, -23.3952797 ], [ -46.880004199999988, -23.3962005 ], [ -46.8798397, -23.397382 ], [ -46.8785101, -23.3968555 ], [ -46.8783678, -23.3978951 ], [ -46.8734936, -23.3993103 ], [ -46.8724192, -23.4013488 ], [ -46.870545, -23.400903 ], [ -46.869923, -23.403111 ], [ -46.867261, -23.404947 ], [ -46.8696982, -23.411129 ], [ -46.867852899999988, -23.4117461 ], [ -46.8690249, -23.4156307 ], [ -46.865423, -23.416532 ], [ -46.8628151, -23.4195149 ], [ -46.8572218, -23.418888 ], [ -46.8530994, -23.4215834 ], [ -46.8497447, -23.4202407 ], [ -46.84888, -23.4215875 ], [ -46.842500799999989, -23.4210366 ], [ -46.832122, -23.4302297 ], [ -46.8303711, -23.4296927 ], [ -46.8294606, -23.4244476 ], [ -46.824449, -23.4218718 ], [ -46.8233105, -23.4223745 ], [ -46.821461, -23.42711 ], [ -46.816949, -23.42972 ], [ -46.815206, -23.433559 ], [ -46.811549, -23.436913 ], [ -46.811576, -23.440685 ], [ -46.809469, -23.442276 ], [ -46.808629, -23.451772 ], [ -46.805937, -23.455759 ], [ -46.805357, -23.462459 ], [ -46.800385, -23.468158 ], [ -46.801376, -23.471927 ], [ -46.806428, -23.47589 ], [ -46.8082425, -23.4847038 ], [ -46.810568, -23.4855324 ], [ -46.81259, -23.4844144 ], [ -46.81449, -23.486055 ], [ -46.815253, -23.483788 ], [ -46.81951, -23.482291 ], [ -46.820783, -23.480488 ], [ -46.831993, -23.482644 ], [ -46.835274, -23.484609 ], [ -46.83725, -23.482805 ], [ -46.839768, -23.483354 ], [ -46.84425, -23.481827 ], [ -46.846473, -23.482762 ], [ -46.848662, -23.480916 ], [ -46.852566, -23.483908 ], [ -46.8614845, -23.4829327 ], [ -46.8697341, -23.477382 ], [ -46.8776164, -23.4800808 ], [ -46.8791861, -23.4772394 ], [ -46.8791709, -23.4708276 ], [ -46.888363, -23.474694 ], [ -46.8886688, -23.484126 ], [ -46.8965873, -23.4850043 ], [ -46.899495, -23.4914 ], [ -46.912587, -23.491305 ], [ -46.915121, -23.488225 ], [ -46.91971, -23.487072 ], [ -46.925446, -23.488793 ], [ -46.930205, -23.488343 ], [ -46.932443, -23.486847 ], [ -46.936579, -23.487839 ], [ -46.94182, -23.485958 ], [ -46.943853, -23.487871 ], [ -46.947134, -23.4849 ], [ -46.953253, -23.483829 ], [ -46.9541893, -23.4861382 ], [ -46.956033, -23.4854459 ], [ -46.9557186, -23.4894843 ], [ -46.957273, -23.4913448 ], [ -46.964279, -23.494783 ], [ -46.966267, -23.501425 ], [ -46.970894, -23.501068 ], [ -46.979901, -23.504878 ], [ -46.985537, -23.503616 ], [ -46.989079, -23.508154 ], [ -47.001066, -23.505535 ], [ -47.00392, -23.499389 ], [ -47.00893, -23.494664 ], [ -47.013295, -23.485471 ], [ -47.017917, -23.483252 ], [ -47.013662, -23.478064 ], [ -47.017211, -23.472587 ], [ -47.012936, -23.467801 ], [ -47.011652, -23.464285 ], [ -47.011195, -23.460257 ], [ -47.013989, -23.457648 ], [ -47.013237, -23.45453 ], [ -47.010404, -23.454799 ], [ -47.01213, -23.452722 ], [ -47.010633, -23.449745 ], [ -47.012279, -23.448186 ], [ -47.010532, -23.445723 ], [ -47.014134, -23.445816 ], [ -47.015542, -23.444024 ], [ -47.016764, -23.445724 ], [ -47.024192, -23.440778 ], [ -47.029318, -23.442486 ], [ -47.032939, -23.438041 ], [ -47.037523, -23.435569 ], [ -47.031298, -23.435641 ], [ -47.022579, -23.432224 ], [ -47.010626, -23.432909 ], [ -47.00683, -23.431355 ], [ -46.998333, -23.430918 ], [ -46.995502, -23.42941 ], [ -46.990638, -23.431052 ], [ -46.990018, -23.433552 ], [ -46.985249, -23.433087 ], [ -46.974959, -23.426362 ], [ -46.970943, -23.425477 ], [ -46.967199, -23.419032 ], [ -46.965087, -23.411548 ], [ -46.955985, -23.41025 ], [ -46.953411, -23.411014 ], [ -46.951215, -23.409045 ], [ -46.95009, -23.405142 ], [ -46.944396, -23.402101 ], [ -46.947463, -23.399025 ], [ -46.954833, -23.39868 ], [ -46.95499, -23.3961225 ], [ -46.952363399999989, -23.3967723 ], [ -46.9498398, -23.3925709 ], [ -46.9469618, -23.3911766 ], [ -46.9422579, -23.3908135 ], [ -46.9405852, -23.3918589 ], [ -46.9396151, -23.3887789 ], [ -46.9358873, -23.3884585 ], [ -46.9356602, -23.3850638 ], [ -46.9329818, -23.385231 ] ] ] } },
{ "type": "Feature", "properties": { "code_muni": 3547809.0, "name_muni": "Santo André", "code_state": 35.0, "abbrev_sta": "SP", "name_state": "São Paulo", "code_regio": 3.0, "name_regio": "Sudeste" }, "geometry": { "type": "Polygon", "coordinates": [ [ [ -46.546539, -23.605697 ], [ -46.53441, -23.614376 ], [ -46.521504, -23.613934 ], [ -46.517413, -23.6176 ], [ -46.513325, -23.618843 ], [ -46.509878, -23.623716 ], [ -46.506184, -23.625794 ], [ -46.499349, -23.623766 ], [ -46.49314, -23.625406 ], [ -46.486571, -23.622826 ], [ -46.483639, -23.625747 ], [ -46.482813, -23.630201 ], [ -46.486348, -23.640099 ], [ -46.481491, -23.648272 ], [ -46.482421, -23.6495 ], [ -46.486823, -23.648802 ], [ -46.491836, -23.650853 ], [ -46.495895, -23.656204 ], [ -46.49948, -23.656665 ], [ -46.497241, -23.661063 ], [ -46.493313, -23.659958 ], [ -46.489994, -23.661724 ], [ -46.481017, -23.673674 ], [ -46.480281, -23.68072 ], [ -46.483332, -23.685016 ], [ -46.483048, -23.687354 ], [ -46.485294, -23.689037 ], [ -46.486102, -23.693825 ], [ -46.489146, -23.694924 ], [ -46.491144, -23.697905 ], [ -46.490887, -23.705269 ], [ -46.489054, -23.706709 ], [ -46.491748, -23.708967 ], [ -46.489812, -23.711392 ], [ -46.483365, -23.711432 ], [ -46.483448, -23.71596 ], [ -46.48175, -23.717814 ], [ -46.478111, -23.719584 ], [ -46.4749833, -23.7182889 ], [ -46.469239, -23.724841 ], [ -46.46875, -23.732178 ], [ -46.471497, -23.73905 ], [ -46.467831, -23.740823 ], [ -46.46352, -23.746501 ], [ -46.457828, -23.750658 ], [ -46.456888, -23.752373 ], [ -46.457908, -23.755671 ], [ -46.454175, -23.756958 ], [ -46.452896, -23.759049 ], [ -46.457891, -23.763552 ], [ -46.457123, -23.7676 ], [ -46.455116, -23.767553 ], [ -46.45058, -23.770903 ], [ -46.447994, -23.76954 ], [ -46.444725, -23.770273 ], [ -46.44423, -23.768698 ], [ -46.442148, -23.769232 ], [ -46.440365, -23.766051 ], [ -46.436759, -23.767758 ], [ -46.429792, -23.765307 ], [ -46.425478, -23.769153 ], [ -46.427091, -23.771746 ], [ -46.425887, -23.774064 ], [ -46.421355, -23.771477 ], [ -46.419252, -23.772998 ], [ -46.417324, -23.772033 ], [ -46.415664, -23.773063 ], [ -46.415207, -23.769157 ], [ -46.407876, -23.769952 ], [ -46.400326, -23.767706 ], [ -46.399454, -23.766434 ], [ -46.396672, -23.76766 ], [ -46.391207, -23.764056 ], [ -46.387306, -23.764012 ], [ -46.386768, -23.762308 ], [ -46.384788, -23.762162 ], [ -46.381361, -23.758662 ], [ -46.376301, -23.758828 ], [ -46.372814, -23.752469 ], [ -46.370059, -23.754274 ], [ -46.368754, -23.75272 ], [ -46.365464, -23.75314 ], [ -46.361315, -23.750602 ], [ -46.358711, -23.746836 ], [ -46.359054, -23.743684 ], [ -46.36171, -23.743073 ], [ -46.360784, -23.740171 ], [ -46.356891, -23.739724 ], [ -46.3545068, -23.7372171 ], [ -46.350167, -23.735572 ], [ -46.34362, -23.738099 ], [ -46.343427, -23.735116 ], [ -46.338389, -23.731399 ], [ -46.337856, -23.727835 ], [ -46.335785, -23.725519 ], [ -46.333439, -23.727219 ], [ -46.330482, -23.726721 ], [ -46.325295, -23.730529 ], [ -46.322254, -23.735448 ], [ -46.317309, -23.736967 ], [ -46.316958, -23.739671 ], [ -46.321705, -23.744731 ], [ -46.315265, -23.744566 ], [ -46.312199, -23.74731 ], [ -46.306136, -23.747999 ], [ -46.302403, -23.751245 ], [ -46.298509, -23.751017 ], [ -46.296698, -23.748717 ], [ -46.294472, -23.748789 ], [ -46.287111, -23.755931 ], [ -46.28358, -23.766754 ], [ -46.278702, -23.770786 ], [ -46.284567, -23.776734 ], [ -46.29133, -23.781208 ], [ -46.296273, -23.787444 ], [ -46.302612, -23.787911 ], [ -46.316323, -23.801842 ], [ -46.320292, -23.803097 ], [ -46.320286, -23.785188 ], [ -46.3234, -23.785384 ], [ -46.331781, -23.781258 ], [ -46.335559, -23.781247 ], [ -46.342347, -23.783819 ], [ -46.345387, -23.787551 ], [ -46.353523, -23.788426 ], [ -46.354444, -23.791472 ], [ -46.356404, -23.790604 ], [ -46.35866, -23.792152 ], [ -46.36107, -23.792473 ], [ -46.362395, -23.791199 ], [ -46.367435, -23.792489 ], [ -46.372387, -23.789711 ], [ -46.37707, -23.793588 ], [ -46.377118, -23.795029 ], [ -46.373333, -23.795553 ], [ -46.377784, -23.804399 ], [ -46.383309, -23.809593 ], [ -46.389392, -23.809906 ], [ -46.394275, -23.814346 ], [ -46.396052, -23.811778 ], [ -46.402311, -23.811741 ], [ -46.407726, -23.812984 ], [ -46.409125, -23.81521 ], [ -46.414253, -23.815854 ], [ -46.416911, -23.814907 ], [ -46.417767, -23.813117 ], [ -46.426414, -23.812882 ], [ -46.430883, -23.810911 ], [ -46.432701, -23.807775 ], [ -46.430357, -23.801429 ], [ -46.441162, -23.800248 ], [ -46.452753, -23.793132 ], [ -46.456875, -23.788067 ], [ -46.457072, -23.784749 ], [ -46.460287, -23.784757 ], [ -46.464041, -23.781253 ], [ -46.464739, -23.778794 ], [ -46.474326, -23.772678 ], [ -46.476794, -23.766939 ], [ -46.484894, -23.761735 ], [ -46.497163, -23.747373 ], [ -46.506465, -23.743324 ], [ -46.51171, -23.747685 ], [ -46.513547, -23.746781 ], [ -46.522664, -23.750092 ], [ -46.527816, -23.74861 ], [ -46.526445, -23.745888 ], [ -46.521115, -23.745817 ], [ -46.517537, -23.742204 ], [ -46.517752, -23.737701 ], [ -46.520366, -23.735082 ], [ -46.516879, -23.727813 ], [ -46.518395, -23.72383 ], [ -46.517389, -23.720176 ], [ -46.521869, -23.714685 ], [ -46.520402, -23.711507 ], [ -46.517271, -23.709741 ], [ -46.516593, -23.705741 ], [ -46.51931, -23.703658 ], [ -46.520112, -23.700579 ], [ -46.522429, -23.702714 ], [ -46.523749, -23.701351 ], [ -46.529141, -23.703426 ], [ -46.53686, -23.696316 ], [ -46.537655, -23.690475 ], [ -46.541427, -23.685729 ], [ -46.544796, -23.683805 ], [ -46.549754, -23.68475 ], [ -46.553522, -23.683345 ], [ -46.554651, -23.679541 ], [ -46.553189, -23.676557 ], [ -46.553212, -23.667263 ], [ -46.563653, -23.652203 ], [ -46.5672136, -23.6501626 ], [ -46.5605988, -23.6437159 ], [ -46.555796, -23.648832 ], [ -46.55474, -23.644113 ], [ -46.5516786, -23.6425345 ], [ -46.549247, -23.629228 ], [ -46.544989, -23.624569 ], [ -46.551159, -23.616667 ], [ -46.545406, -23.615848 ], [ -46.546146, -23.611242 ], [ -46.544646, -23.610843 ], [ -46.548043, -23.606092 ], [ -46.546539, -23.605697 ] ] ] } },
{ "type": "Feature", "properties": { "code_muni": 3548708.0, "name_muni": "São Bernardo do Campo", "code_state": 35.0, "abbrev_sta": "SP", "name_state": "São Paulo", "code_regio": 3.0, "name_regio": "Sudeste" }, "geometry": { "type": "Polygon", "coordinates": [ [ [ -46.583385, -23.641036 ], [ -46.57335, -23.650556 ], [ -46.570857, -23.649237 ], [ -46.5648302, -23.6509684 ], [ -46.553511, -23.666578 ], [ -46.553152, -23.676187 ], [ -46.554658, -23.680174 ], [ -46.553335, -23.68355 ], [ -46.549754, -23.68475 ], [ -46.544796, -23.683805 ], [ -46.541427, -23.685729 ], [ -46.537655, -23.690475 ], [ -46.53686, -23.696316 ], [ -46.529141, -23.703426 ], [ -46.523749, -23.701351 ], [ -46.522429, -23.702714 ], [ -46.520112, -23.700579 ], [ -46.51931, -23.703658 ], [ -46.516763, -23.705362 ], [ -46.517271, -23.709741 ], [ -46.520402, -23.711507 ], [ -46.521869, -23.714685 ], [ -46.517389, -23.720176 ], [ -46.518395, -23.72383 ], [ -46.516879, -23.727813 ], [ -46.520366, -23.735082 ], [ -46.517752, -23.737701 ], [ -46.517537, -23.742204 ], [ -46.521115, -23.745817 ], [ -46.526445, -23.745888 ], [ -46.527816, -23.74861 ], [ -46.522664, -23.750092 ], [ -46.513547, -23.746781 ], [ -46.51171, -23.747685 ], [ -46.506465, -23.743324 ], [ -46.50125, -23.746236 ], [ -46.499123, -23.746142 ], [ -46.484894, -23.761735 ], [ -46.476794, -23.766939 ], [ -46.474326, -23.772678 ], [ -46.464739, -23.778794 ], [ -46.464041, -23.781253 ], [ -46.460287, -23.784757 ], [ -46.457072, -23.784749 ], [ -46.456875, -23.788067 ], [ -46.452753, -23.793132 ], [ -46.441162, -23.800248 ], [ -46.430357, -23.801429 ], [ -46.432701, -23.807775 ], [ -46.431168, -23.81071 ], [ -46.426414, -23.812882 ], [ -46.417767, -23.813117 ], [ -46.41458, -23.815821 ], [ -46.410296, -23.815379 ], [ -46.41919, -23.81917 ], [ -46.426594, -23.825273 ], [ -46.431725, -23.826001 ], [ -46.433776, -23.825484 ], [ -46.43417, -23.824055 ], [ -46.43781, -23.826307 ], [ -46.437404, -23.829302 ], [ -46.439265, -23.828348 ], [ -46.440081, -23.829592 ], [ -46.444562, -23.829165 ], [ -46.443938, -23.830702 ], [ -46.441525, -23.829842 ], [ -46.438817, -23.831427 ], [ -46.440993, -23.833317 ], [ -46.439392, -23.833216 ], [ -46.443859, -23.841105 ], [ -46.442601, -23.841704 ], [ -46.439298, -23.839591 ], [ -46.437898, -23.842583 ], [ -46.443548, -23.850173 ], [ -46.451351, -23.851443 ], [ -46.454552, -23.853909 ], [ -46.4597, -23.863177 ], [ -46.458485, -23.866031 ], [ -46.465828, -23.861013 ], [ -46.468122, -23.864718 ], [ -46.466418, -23.865839 ], [ -46.469376, -23.872928 ], [ -46.47283, -23.874578 ], [ -46.475255, -23.878811 ], [ -46.478068, -23.879186 ], [ -46.482613, -23.885704 ], [ -46.484444, -23.885675 ], [ -46.483542, -23.884079 ], [ -46.485251, -23.883454 ], [ -46.4878765, -23.8847019 ], [ -46.492618, -23.890392 ], [ -46.493259, -23.896207 ], [ -46.498092, -23.901935 ], [ -46.50086, -23.902379 ], [ -46.503783, -23.90478 ], [ -46.519947, -23.905342 ], [ -46.522419, -23.907748 ], [ -46.522692, -23.911176 ], [ -46.520878, -23.910961 ], [ -46.521284, -23.912255 ], [ -46.52436, -23.913357 ], [ -46.526049, -23.91576 ], [ -46.532262, -23.917576 ], [ -46.534745, -23.920207 ], [ -46.535346, -23.923256 ], [ -46.540724, -23.92363 ], [ -46.544269, -23.926686 ], [ -46.543752, -23.928367 ], [ -46.545684, -23.930149 ], [ -46.548273, -23.929731 ], [ -46.548384, -23.933243 ], [ -46.552213, -23.936982 ], [ -46.552174, -23.940403 ], [ -46.556373, -23.941461 ], [ -46.558728, -23.946285 ], [ -46.563484, -23.948588 ], [ -46.564655, -23.953118 ], [ -46.567556, -23.953908 ], [ -46.567644, -23.951051 ], [ -46.566158, -23.94969 ], [ -46.569671, -23.946789 ], [ -46.571346, -23.952489 ], [ -46.575312, -23.953939 ], [ -46.577386, -23.957013 ], [ -46.580286, -23.95577 ], [ -46.585299, -23.960838 ], [ -46.592237, -23.962947 ], [ -46.595268, -23.965353 ], [ -46.597297, -23.963444 ], [ -46.600287, -23.963557 ], [ -46.611341, -23.967918 ], [ -46.6108121, -23.9649648 ], [ -46.6081972, -23.9636383 ], [ -46.6082898, -23.9614745 ], [ -46.6101783, -23.9604013 ], [ -46.6082262, -23.9598383 ], [ -46.6088393, -23.958959 ], [ -46.6065307, -23.9569451 ], [ -46.6070949, -23.9538638 ], [ -46.611241199999988, -23.9508659 ], [ -46.6077717, -23.948458 ], [ -46.6071153, -23.9447886 ], [ -46.6087808, -23.9413174 ], [ -46.6070833, -23.9388551 ], [ -46.609845, -23.9369743 ], [ -46.6132527, -23.9380341 ], [ -46.6156454, -23.936667 ], [ -46.6168826, -23.9335585 ], [ -46.6165726, -23.9306382 ], [ -46.6138924, -23.9315131 ], [ -46.6116233, -23.9280378 ], [ -46.6093652, -23.9277081 ], [ -46.6107652, -23.9246084 ], [ -46.6091021, -23.9228706 ], [ -46.6100662, -23.9184993 ], [ -46.6086729, -23.9151916 ], [ -46.6118966, -23.9142843 ], [ -46.6127766, -23.9086781 ], [ -46.608765, -23.904738 ], [ -46.61331, -23.905449 ], [ -46.617706, -23.8888098 ], [ -46.617116, -23.878656 ], [ -46.615596, -23.876341 ], [ -46.616938, -23.862004 ], [ -46.631846, -23.852649 ], [ -46.6351157, -23.8385032 ], [ -46.633506, -23.828793 ], [ -46.624356, -23.818766 ], [ -46.622844, -23.786235 ], [ -46.625059, -23.781598 ], [ -46.646271, -23.755896 ], [ -46.652046, -23.730793 ], [ -46.646352, -23.732065 ], [ -46.6398451, -23.7316809 ], [ -46.6384986, -23.7338293 ], [ -46.6360014, -23.7338324 ], [ -46.6341076, -23.7361568 ], [ -46.629129, -23.735329 ], [ -46.626083, -23.737391 ], [ -46.6246365, -23.7359621 ], [ -46.6192357, -23.7390546 ], [ -46.6173614, -23.7375389 ], [ -46.6113792, -23.7373741 ], [ -46.6093396, -23.7339497 ], [ -46.6054892, -23.7312764 ], [ -46.6070345, -23.7279596 ], [ -46.604881, -23.718465 ], [ -46.600636, -23.716425 ], [ -46.599282, -23.712834 ], [ -46.590774, -23.706894 ], [ -46.587971, -23.697331 ], [ -46.578871, -23.690311 ], [ -46.580194, -23.684846 ], [ -46.578621, -23.680183 ], [ -46.580645, -23.67721 ], [ -46.577515, -23.671979 ], [ -46.58334, -23.67259 ], [ -46.5913351, -23.6773016 ], [ -46.600059, -23.670771 ], [ -46.596327, -23.66343 ], [ -46.601691, -23.662779 ], [ -46.6090897, -23.6695121 ], [ -46.613038, -23.666425 ], [ -46.613075, -23.663453 ], [ -46.616442, -23.658157 ], [ -46.614131, -23.660225 ], [ -46.599202, -23.653016 ], [ -46.596478, -23.652821 ], [ -46.584695, -23.645269 ], [ -46.583385, -23.641036 ] ] ] } },
{ "type": "Feature", "properties": { "code_muni": 3548807.0, "name_muni": "São Caetano do Sul", "code_state": 35.0, "abbrev_sta": "SP", "name_state": "São Paulo", "code_regio": 3.0, "name_regio": "Sudeste" }, "geometry": { "type": "Polygon", "coordinates": [ [ [ -46.579, -23.599524 ], [ -46.5569837, -23.6120938 ], [ -46.549738, -23.605576 ], [ -46.5478205, -23.6063171 ], [ -46.544646, -23.610843 ], [ -46.546146, -23.611242 ], [ -46.545406, -23.615848 ], [ -46.551159, -23.616667 ], [ -46.544989, -23.624569 ], [ -46.549247, -23.629228 ], [ -46.5516786, -23.6425345 ], [ -46.55474, -23.644113 ], [ -46.555796, -23.648832 ], [ -46.5605988, -23.6437159 ], [ -46.5672136, -23.6501626 ], [ -46.5711195, -23.6492389 ], [ -46.573809, -23.65045 ], [ -46.583251, -23.641279 ], [ -46.584958, -23.635161 ], [ -46.581414, -23.629223 ], [ -46.58305, -23.62566 ], [ -46.579, -23.599524 ] ] ] } },
{ "type": "Feature", "properties": { "code_muni": 3549953.0, "name_muni": "São Lourenço da Serra", "code_state": 35.0, "abbrev_sta": "SP", "name_state": "São Paulo", "code_regio": 3.0, "name_regio": "Sudeste" }, "geometry": { "type": "Polygon", "coordinates": [ [ [ -46.967565, -23.774577 ], [ -46.964354, -23.779006 ], [ -46.963889, -23.780397 ], [ -46.966098, -23.783665 ], [ -46.959936, -23.788107 ], [ -46.957804, -23.792386 ], [ -46.955069, -23.791443 ], [ -46.950797, -23.792681 ], [ -46.948851, -23.791072 ], [ -46.947814, -23.787155 ], [ -46.940191, -23.785804 ], [ -46.939849, -23.780219 ], [ -46.937828, -23.77663 ], [ -46.9322828, -23.7771127 ], [ -46.9308049, -23.7792389 ], [ -46.9154207, -23.782861 ], [ -46.9148715, -23.7864863 ], [ -46.9129241, -23.7886196 ], [ -46.9098689, -23.7827252 ], [ -46.9077959, -23.7867821 ], [ -46.8995706, -23.7922642 ], [ -46.8976093, -23.7961006 ], [ -46.8908852, -23.7946646 ], [ -46.8815721, -23.7898788 ], [ -46.8789308, -23.7940672 ], [ -46.8763777, -23.7942949 ], [ -46.8720213, -23.7971811 ], [ -46.8789784, -23.7984714 ], [ -46.8818104, -23.8037722 ], [ -46.8783363, -23.8110111 ], [ -46.880082, -23.8166285 ], [ -46.8845099, -23.8176123 ], [ -46.8856456, -23.8211511 ], [ -46.8830382, -23.8281128 ], [ -46.8859922, -23.8293864 ], [ -46.8902912, -23.8347941 ], [ -46.8954618, -23.8365482 ], [ -46.8956205, -23.8376702 ], [ -46.8924598, -23.8387486 ], [ -46.8915848, -23.8413007 ], [ -46.8846652, -23.8417763 ], [ -46.8811148, -23.8464751 ], [ -46.8780518, -23.8470197 ], [ -46.8719784, -23.8532451 ], [ -46.8700311, -23.8521755 ], [ -46.8652611, -23.8539966 ], [ -46.8612033, -23.8520385 ], [ -46.8576973, -23.854874 ], [ -46.8557473, -23.85348 ], [ -46.8542222, -23.854668 ], [ -46.8508054, -23.8537963 ], [ -46.8484472, -23.856346 ], [ -46.8495373, -23.8570053 ], [ -46.8501177, -23.8643906 ], [ -46.8553376, -23.8729269 ], [ -46.8559427, -23.8762861 ], [ -46.8582027, -23.8781418 ], [ -46.8610267, -23.8863887 ], [ -46.8661517, -23.8868038 ], [ -46.8701977, -23.8917075 ], [ -46.8700558, -23.8948715 ], [ -46.8817047, -23.8936654 ], [ -46.8826978, -23.8961659 ], [ -46.885017, -23.8969929 ], [ -46.8887517, -23.9012802 ], [ -46.8887876, -23.9122148 ], [ -46.8902676, -23.9136086 ], [ -46.8903324, -23.9166322 ], [ -46.8964445, -23.9207602 ], [ -46.8980419, -23.9273205 ], [ -46.9024191, -23.9271282 ], [ -46.9047801, -23.9288175 ], [ -46.9076854, -23.9349968 ], [ -46.9124212, -23.9344749 ], [ -46.913108, -23.9370134 ], [ -46.9152094, -23.9383493 ], [ -46.9189821, -23.933564 ], [ -46.9213169, -23.9367232 ], [ -46.9241608, -23.936911 ], [ -46.9312674, -23.9348703 ], [ -46.9373539, -23.9293763 ], [ -46.9397063, -23.9288928 ], [ -46.9436211, -23.9311142 ], [ -46.9463854, -23.9292813 ], [ -46.9511142, -23.9216155 ], [ -46.9501583, -23.9178476 ], [ -46.9516624, -23.9141228 ], [ -46.9511283, -23.9111673 ], [ -46.9555035, -23.9086341 ], [ -46.9541701, -23.9069205 ], [ -46.9563356, -23.900361 ], [ -46.9616937, -23.9003903 ], [ -46.9635547, -23.8933802 ], [ -46.9679805, -23.8926669 ], [ -46.9722475, -23.8879578 ], [ -46.9743894, -23.8871316 ], [ -46.9753835, -23.8887066 ], [ -46.9778627, -23.8888748 ], [ -46.9813104, -23.8914352 ], [ -46.9808981, -23.8931089 ], [ -46.9817873, -23.8941716 ], [ -46.9830081, -23.8935613 ], [ -46.9830031, -23.8949588 ], [ -46.9859721, -23.8938035 ], [ -46.9876378, -23.894833 ], [ -46.9882427, -23.8930324 ], [ -46.9920507, -23.8939739 ], [ -46.9914248, -23.8916979 ], [ -46.9888767, -23.8908036 ], [ -46.9884018, -23.8892432 ], [ -46.9910136, -23.8849112 ], [ -46.9943217, -23.8835141 ], [ -46.9936558, -23.8818849 ], [ -46.9958763, -23.8787289 ], [ -46.9967042, -23.873017 ], [ -47.0019812, -23.8701213 ], [ -47.0021982, -23.8671226 ], [ -47.0060276, -23.8670171 ], [ -47.0111816, -23.8612524 ], [ -47.0114628, -23.8581882 ], [ -47.0127411, -23.8590544 ], [ -47.0151681, -23.8582125 ], [ -47.025557299999988, -23.8483836 ], [ -47.0287294, -23.8474959 ], [ -47.027617, -23.843884 ], [ -47.025773, -23.844015 ], [ -47.02496, -23.841216 ], [ -47.022615, -23.84025 ], [ -47.021928, -23.836284 ], [ -47.020187, -23.835367 ], [ -47.016844, -23.836139 ], [ -47.015712, -23.834817 ], [ -47.014787, -23.835596 ], [ -47.014589, -23.830946 ], [ -47.012608, -23.830741 ], [ -47.014337, -23.828002 ], [ -47.013039, -23.825096 ], [ -47.017564, -23.821327 ], [ -47.015792, -23.820138 ], [ -47.017397, -23.817771 ], [ -47.015122, -23.814487 ], [ -47.007068, -23.815637 ], [ -47.001232, -23.812717 ], [ -46.994374, -23.811579 ], [ -46.991868, -23.809228 ], [ -46.98647, -23.808414 ], [ -46.98402, -23.803046 ], [ -46.985566, -23.800642 ], [ -46.988924, -23.800812 ], [ -46.986903, -23.797841 ], [ -46.9836, -23.797571 ], [ -46.980903, -23.795057 ], [ -46.979851, -23.790119 ], [ -46.982395, -23.786974 ], [ -46.982193, -23.783997 ], [ -46.976347, -23.779187 ], [ -46.972311, -23.778955 ], [ -46.971803, -23.777318 ], [ -46.967565, -23.774577 ] ] ] } },
{ "type": "Feature", "properties": { "code_muni": 3550308.0, "name_muni": "São Paulo", "code_state": 35.0, "abbrev_sta": "SP", "name_state": "São Paulo", "code_regio": 3.0, "name_regio": "Sudeste" }, "geometry": { "type": "Polygon", "coordinates": [ [ [ -46.549325, -23.356294 ], [ -46.546244, -23.35791 ], [ -46.542137, -23.358152 ], [ -46.540507, -23.360532 ], [ -46.535438, -23.363305 ], [ -46.537747, -23.366306 ], [ -46.537231, -23.369584 ], [ -46.54512, -23.376204 ], [ -46.545534, -23.386875 ], [ -46.556326, -23.397685 ], [ -46.554957, -23.401902 ], [ -46.55652, -23.405131 ], [ -46.556436, -23.409589 ], [ -46.566684, -23.415517 ], [ -46.565358, -23.418006 ], [ -46.56674, -23.421998 ], [ -46.565626, -23.426938 ], [ -46.568466, -23.432475 ], [ -46.564811, -23.435804 ], [ -46.565108, -23.44004 ], [ -46.570683, -23.456841 ], [ -46.567826, -23.464627 ], [ -46.561795, -23.472589 ], [ -46.560866, -23.476102 ], [ -46.561446, -23.48444 ], [ -46.560018, -23.493778 ], [ -46.562136, -23.499827 ], [ -46.559237, -23.506912 ], [ -46.55547, -23.510097 ], [ -46.552462, -23.507438 ], [ -46.545903, -23.505852 ], [ -46.533745, -23.493325 ], [ -46.528538, -23.491202 ], [ -46.522548, -23.484714 ], [ -46.511097, -23.478792 ], [ -46.493825, -23.475996 ], [ -46.488446, -23.47764 ], [ -46.479999, -23.476914 ], [ -46.465908, -23.482268 ], [ -46.460472, -23.483031 ], [ -46.441974, -23.479449 ], [ -46.437635, -23.479829 ], [ -46.43495, -23.478354 ], [ -46.435966, -23.475716 ], [ -46.430996, -23.477921 ], [ -46.431638, -23.476418 ], [ -46.429837, -23.476044 ], [ -46.430054, -23.473674 ], [ -46.427062, -23.472008 ], [ -46.418888, -23.474394 ], [ -46.417101, -23.472419 ], [ -46.41477, -23.47434 ], [ -46.415206, -23.472583 ], [ -46.410724, -23.470372 ], [ -46.407614, -23.472619 ], [ -46.410042, -23.475025 ], [ -46.406942, -23.477722 ], [ -46.405365, -23.476275 ], [ -46.404409, -23.478203 ], [ -46.405677, -23.479165 ], [ -46.403964, -23.481026 ], [ -46.406135, -23.481497 ], [ -46.406345, -23.485521 ], [ -46.404874, -23.486116 ], [ -46.403611, -23.484884 ], [ -46.401255, -23.486862 ], [ -46.399392, -23.482973 ], [ -46.396889, -23.484291 ], [ -46.391899, -23.480564 ], [ -46.387669, -23.481887 ], [ -46.386289, -23.47945 ], [ -46.386653, -23.474676 ], [ -46.383638, -23.475528 ], [ -46.384284, -23.474145 ], [ -46.381939, -23.472089 ], [ -46.377307, -23.48417 ], [ -46.365313, -23.503169 ], [ -46.365816, -23.509863 ], [ -46.3663957, -23.5121558 ], [ -46.373453, -23.511547 ], [ -46.375358, -23.512959 ], [ -46.37455, -23.515483 ], [ -46.380171, -23.516421 ], [ -46.383267, -23.520547 ], [ -46.386555, -23.521554 ], [ -46.384186, -23.523552 ], [ -46.386661, -23.526 ], [ -46.392303, -23.530519 ], [ -46.395136, -23.529738 ], [ -46.39328, -23.538419 ], [ -46.387711, -23.545786 ], [ -46.391968, -23.549327 ], [ -46.395054, -23.548956 ], [ -46.395074, -23.550853 ], [ -46.393122, -23.552292 ], [ -46.390761, -23.559816 ], [ -46.38431, -23.562728 ], [ -46.379783, -23.562532 ], [ -46.382634, -23.56663 ], [ -46.383536, -23.570832 ], [ -46.380893, -23.573788 ], [ -46.377825, -23.574939 ], [ -46.383612, -23.577883 ], [ -46.383741, -23.579221 ], [ -46.379837, -23.583774 ], [ -46.37728, -23.589643 ], [ -46.380146, -23.588379 ], [ -46.382476, -23.591321 ], [ -46.384318, -23.596516 ], [ -46.383043, -23.599267 ], [ -46.384268, -23.600581 ], [ -46.388897, -23.60124 ], [ -46.390793, -23.60323 ], [ -46.394919, -23.601935 ], [ -46.39944, -23.605876 ], [ -46.394787, -23.612158 ], [ -46.397773, -23.6159321 ], [ -46.3980154, -23.6187798 ], [ -46.4033118, -23.6236411 ], [ -46.4066416, -23.6236397 ], [ -46.408026199999988, -23.6270512 ], [ -46.40644, -23.6297816 ], [ -46.4071241, -23.6324152 ], [ -46.4138022, -23.6359674 ], [ -46.4156378, -23.6402747 ], [ -46.420373, -23.6409873 ], [ -46.421087, -23.643656 ], [ -46.423338, -23.644306 ], [ -46.424581, -23.640083 ], [ -46.430061, -23.636119 ], [ -46.431763, -23.637601 ], [ -46.431518, -23.641104 ], [ -46.440014, -23.641875 ], [ -46.443106, -23.64393 ], [ -46.452421, -23.642482 ], [ -46.454091, -23.64089 ], [ -46.458222, -23.641871 ], [ -46.465301, -23.638394 ], [ -46.472313, -23.638835 ], [ -46.47537, -23.633843 ], [ -46.477261, -23.625988 ], [ -46.482166, -23.623738 ], [ -46.486659, -23.622838 ], [ -46.493194, -23.625411 ], [ -46.500014, -23.6238 ], [ -46.506184, -23.625794 ], [ -46.509878, -23.623716 ], [ -46.513325, -23.618843 ], [ -46.517413, -23.6176 ], [ -46.521577, -23.613907 ], [ -46.534495, -23.614357 ], [ -46.546687, -23.605651 ], [ -46.550324, -23.605811 ], [ -46.554107, -23.610571 ], [ -46.557491, -23.612044 ], [ -46.579, -23.599524 ], [ -46.58305, -23.62566 ], [ -46.581414, -23.629223 ], [ -46.58226, -23.63231 ], [ -46.584943, -23.634943 ], [ -46.583385, -23.641036 ], [ -46.584591, -23.645174 ], [ -46.596478, -23.652821 ], [ -46.599202, -23.653016 ], [ -46.614131, -23.660225 ], [ -46.617227, -23.657341 ], [ -46.622776, -23.661314 ], [ -46.625979, -23.659237 ], [ -46.62704, -23.66844 ], [ -46.631084, -23.67286 ], [ -46.630594, -23.679936 ], [ -46.633458, -23.681831 ], [ -46.63322, -23.686194 ], [ -46.635492, -23.69098 ], [ -46.632623, -23.691669 ], [ -46.631721, -23.696402 ], [ -46.629146, -23.697664 ], [ -46.6262729, -23.7028773 ], [ -46.6239649, -23.7024835 ], [ -46.623986, -23.705602 ], [ -46.61774, -23.707801 ], [ -46.616357, -23.710513 ], [ -46.6225324, -23.7157858 ], [ -46.6277815, -23.7163542 ], [ -46.6365499, -23.7252543 ], [ -46.652046, -23.730793 ], [ -46.646271, -23.755896 ], [ -46.625059, -23.781598 ], [ -46.622844, -23.786235 ], [ -46.624356, -23.818766 ], [ -46.633506, -23.828793 ], [ -46.6351157, -23.8385032 ], [ -46.631846, -23.852649 ], [ -46.616541, -23.8631 ], [ -46.617009, -23.869512 ], [ -46.615596, -23.876341 ], [ -46.617116, -23.878656 ], [ -46.617706, -23.8888098 ], [ -46.61331, -23.905449 ], [ -46.608765, -23.904738 ], [ -46.6127766, -23.9086781 ], [ -46.6118966, -23.9142843 ], [ -46.6086729, -23.9151916 ], [ -46.6100662, -23.9184993 ], [ -46.6091021, -23.9228706 ], [ -46.6107652, -23.9246084 ], [ -46.6093652, -23.9277081 ], [ -46.6116233, -23.9280378 ], [ -46.6138924, -23.9315131 ], [ -46.6165726, -23.9306382 ], [ -46.6168826, -23.9335585 ], [ -46.6156454, -23.936667 ], [ -46.6132527, -23.9380341 ], [ -46.609845, -23.9369743 ], [ -46.6071311, -23.9386572 ], [ -46.6087808, -23.9413174 ], [ -46.6071153, -23.9447886 ], [ -46.6077717, -23.948458 ], [ -46.611241199999988, -23.9508659 ], [ -46.6070949, -23.9538638 ], [ -46.6066074, -23.9573402 ], [ -46.6101783, -23.9604013 ], [ -46.6082898, -23.9614745 ], [ -46.6081972, -23.9636383 ], [ -46.6108121, -23.9649648 ], [ -46.6125394, -23.9699316 ], [ -46.615273599999988, -23.9674775 ], [ -46.6179828, -23.9677768 ], [ -46.620545, -23.970807 ], [ -46.629636, -23.973185 ], [ -46.635708, -23.977319 ], [ -46.633279, -23.983759 ], [ -46.633264, -23.987839 ], [ -46.629127, -23.990738 ], [ -46.633723, -23.992732 ], [ -46.634929, -23.994748 ], [ -46.637901, -23.994343 ], [ -46.640369, -23.997833 ], [ -46.649908, -24.001601 ], [ -46.653153, -23.996523 ], [ -46.659706, -23.991599 ], [ -46.661937, -23.988102 ], [ -46.675374, -23.989425 ], [ -46.680297, -23.987013 ], [ -46.682907, -23.982588 ], [ -46.685133, -23.982397 ], [ -46.687808, -23.984771 ], [ -46.692632, -23.984611 ], [ -46.698918, -23.990137 ], [ -46.703266, -23.991627 ], [ -46.707884, -23.990888 ], [ -46.714482, -23.996115 ], [ -46.719534, -23.995032 ], [ -46.720858, -23.993002 ], [ -46.7311, -23.995495 ], [ -46.737696, -23.991826 ], [ -46.743319, -23.991892 ], [ -46.744655, -23.99379 ], [ -46.749549, -23.994428 ], [ -46.750896, -23.996513 ], [ -46.755048, -23.996783 ], [ -46.763033, -24.006202 ], [ -46.7669, -24.00535 ], [ -46.769164, -24.008264 ], [ -46.771199, -24.008186 ], [ -46.774737, -24.002989 ], [ -46.768084, -23.998664 ], [ -46.766437, -23.991658 ], [ -46.764606, -23.988611 ], [ -46.762323, -23.98802 ], [ -46.758204, -23.980584 ], [ -46.759055, -23.978651 ], [ -46.757007, -23.97817 ], [ -46.755007, -23.975588 ], [ -46.754843, -23.972893 ], [ -46.758201, -23.972543 ], [ -46.763051, -23.967872 ], [ -46.762572, -23.964413 ], [ -46.764893, -23.961727 ], [ -46.771333, -23.961341 ], [ -46.775113, -23.956785 ], [ -46.774172, -23.950344 ], [ -46.781103, -23.948724 ], [ -46.783534, -23.946912 ], [ -46.783596, -23.944607 ], [ -46.786161, -23.94187 ], [ -46.789596, -23.940766 ], [ -46.793259, -23.943087 ], [ -46.800124, -23.938 ], [ -46.806898, -23.938153 ], [ -46.810684, -23.920464 ], [ -46.809851, -23.91796 ], [ -46.811818, -23.917103 ], [ -46.810696, -23.911204 ], [ -46.811879, -23.911268 ], [ -46.811571, -23.907734 ], [ -46.806718, -23.901322 ], [ -46.80406, -23.892884 ], [ -46.80688, -23.890887 ], [ -46.80737, -23.886521 ], [ -46.802149, -23.888183 ], [ -46.799706, -23.893723 ], [ -46.796583, -23.893068 ], [ -46.787565, -23.894759 ], [ -46.776699, -23.893023 ], [ -46.776046, -23.855449 ], [ -46.77954, -23.851286 ], [ -46.778829, -23.846196 ], [ -46.77995, -23.842392 ], [ -46.778429, -23.841597 ], [ -46.773514, -23.843816 ], [ -46.764778, -23.842787 ], [ -46.762508, -23.836361 ], [ -46.763552, -23.83433 ], [ -46.765427, -23.834915 ], [ -46.765562, -23.833421 ], [ -46.763639, -23.832041 ], [ -46.762762, -23.827177 ], [ -46.773799, -23.817739 ], [ -46.782306, -23.813274 ], [ -46.796832, -23.81103 ], [ -46.801729, -23.808781 ], [ -46.800471, -23.801561 ], [ -46.79625, -23.799461 ], [ -46.794405, -23.793917 ], [ -46.789167, -23.789946 ], [ -46.790271, -23.787479 ], [ -46.787949, -23.786994 ], [ -46.78974, -23.786067 ], [ -46.789134, -23.783325 ], [ -46.791018, -23.780014 ], [ -46.79008, -23.77608 ], [ -46.787589, -23.773553 ], [ -46.781492, -23.772055 ], [ -46.777216, -23.766968 ], [ -46.771685, -23.764305 ], [ -46.769122, -23.755968 ], [ -46.769935, -23.752912 ], [ -46.772233, -23.751881 ], [ -46.775695, -23.752994 ], [ -46.7769886, -23.7506016 ], [ -46.780017, -23.749374 ], [ -46.7815286, -23.7506591 ], [ -46.790035, -23.744253 ], [ -46.79008, -23.741187 ], [ -46.796043, -23.739127 ], [ -46.795668, -23.735637 ], [ -46.798543, -23.729092 ], [ -46.794784, -23.726147 ], [ -46.792403, -23.721301 ], [ -46.793233, -23.713335 ], [ -46.791489, -23.7017511 ], [ -46.800709, -23.697967 ], [ -46.797015, -23.69542 ], [ -46.801558, -23.684941 ], [ -46.799633, -23.6813 ], [ -46.799901, -23.678196 ], [ -46.795448, -23.670163 ], [ -46.794365, -23.659601 ], [ -46.791877, -23.652024 ], [ -46.792713, -23.647191 ], [ -46.78948, -23.644863 ], [ -46.788266, -23.64134 ], [ -46.784921, -23.638399 ], [ -46.777438, -23.635135 ], [ -46.776292, -23.630704 ], [ -46.769133, -23.627158 ], [ -46.761002, -23.617417 ], [ -46.760391, -23.614929 ], [ -46.752467, -23.610514 ], [ -46.751703, -23.606617 ], [ -46.749202, -23.604443 ], [ -46.751443, -23.601946 ], [ -46.758235, -23.599382 ], [ -46.760685, -23.594916 ], [ -46.763622, -23.5983 ], [ -46.768838, -23.600259 ], [ -46.772914, -23.599859 ], [ -46.775523, -23.603005 ], [ -46.779168, -23.602197 ], [ -46.780691, -23.604046 ], [ -46.784259, -23.603651 ], [ -46.789322, -23.60647 ], [ -46.791413, -23.605267 ], [ -46.79445, -23.606483 ], [ -46.798234, -23.604793 ], [ -46.79986, -23.60772 ], [ -46.807285, -23.609142 ], [ -46.808999, -23.598647 ], [ -46.805082, -23.588785 ], [ -46.807381, -23.585821 ], [ -46.806459, -23.58401 ], [ -46.801897, -23.582466 ], [ -46.797978, -23.583699 ], [ -46.795043, -23.582464 ], [ -46.791305, -23.577755 ], [ -46.787737, -23.577183 ], [ -46.785834, -23.574414 ], [ -46.781833, -23.574752 ], [ -46.779605, -23.570769 ], [ -46.773135, -23.570178 ], [ -46.771925, -23.565054 ], [ -46.768689, -23.56264 ], [ -46.765092, -23.56325 ], [ -46.760125, -23.554835 ], [ -46.759989, -23.549853 ], [ -46.75878, -23.548923 ], [ -46.760707, -23.545574 ], [ -46.760264, -23.529494 ], [ -46.756353, -23.524618 ], [ -46.751437, -23.525413 ], [ -46.749297, -23.524556 ], [ -46.747045, -23.520377 ], [ -46.751225, -23.52074 ], [ -46.753125, -23.519696 ], [ -46.753036, -23.517139 ], [ -46.757661, -23.515946 ], [ -46.757975, -23.513101 ], [ -46.76199, -23.510198 ], [ -46.761097, -23.509479 ], [ -46.763971, -23.506406 ], [ -46.761505, -23.501661 ], [ -46.757452, -23.499759 ], [ -46.755484, -23.496189 ], [ -46.75928, -23.493352 ], [ -46.766328, -23.49129 ], [ -46.77018, -23.483317 ], [ -46.770029, -23.475739 ], [ -46.775115, -23.471787 ], [ -46.774824, -23.464436 ], [ -46.769252, -23.458478 ], [ -46.772248, -23.458919 ], [ -46.776738, -23.464984 ], [ -46.780272, -23.465129 ], [ -46.781602, -23.46382 ], [ -46.784479, -23.466135 ], [ -46.786863, -23.465768 ], [ -46.792227, -23.461468 ], [ -46.796131, -23.463076 ], [ -46.797143, -23.469905 ], [ -46.799528, -23.471383 ], [ -46.800691, -23.470356 ], [ -46.80077, -23.467228 ], [ -46.805357, -23.462459 ], [ -46.805937, -23.455759 ], [ -46.808629, -23.451772 ], [ -46.809469, -23.442276 ], [ -46.811576, -23.440685 ], [ -46.811549, -23.436913 ], [ -46.815206, -23.433559 ], [ -46.816949, -23.42972 ], [ -46.819748, -23.428807 ], [ -46.822602, -23.425325 ], [ -46.8233105, -23.4223745 ], [ -46.819656, -23.417982 ], [ -46.822399, -23.411868 ], [ -46.826191, -23.408908 ], [ -46.824193, -23.40627 ], [ -46.82553, -23.404174 ], [ -46.823046, -23.400995 ], [ -46.820824, -23.402025 ], [ -46.818196, -23.399503 ], [ -46.80771, -23.399409 ], [ -46.807655, -23.397877 ], [ -46.802902, -23.39659 ], [ -46.804344, -23.395579 ], [ -46.802715, -23.394789 ], [ -46.798819, -23.398849 ], [ -46.798675, -23.400161 ], [ -46.800645, -23.401419 ], [ -46.799391, -23.40284 ], [ -46.798604, -23.401975 ], [ -46.796507, -23.40271 ], [ -46.797259, -23.401566 ], [ -46.793707, -23.399632 ], [ -46.791301, -23.401443 ], [ -46.792049, -23.40235 ], [ -46.788448, -23.402689 ], [ -46.789368, -23.403657 ], [ -46.786, -23.405008 ], [ -46.782589, -23.403449 ], [ -46.783412, -23.398718 ], [ -46.776445, -23.398864 ], [ -46.777326, -23.397783 ], [ -46.775453, -23.396813 ], [ -46.77092, -23.397481 ], [ -46.770214, -23.388711 ], [ -46.767848, -23.389299 ], [ -46.767517, -23.386868 ], [ -46.764152, -23.384904 ], [ -46.764427, -23.386193 ], [ -46.761435, -23.387112 ], [ -46.760283, -23.385989 ], [ -46.754248, -23.387508 ], [ -46.751542, -23.390274 ], [ -46.735457, -23.388118 ], [ -46.73033, -23.393994 ], [ -46.725096, -23.394805 ], [ -46.720307, -23.397546 ], [ -46.719885, -23.403656 ], [ -46.717205, -23.406643 ], [ -46.710647, -23.406521 ], [ -46.708468, -23.416494 ], [ -46.700098, -23.417347 ], [ -46.700414, -23.422487 ], [ -46.698959, -23.423874 ], [ -46.695861, -23.42432 ], [ -46.692339, -23.422729 ], [ -46.686588, -23.426962 ], [ -46.684728, -23.419309 ], [ -46.676971, -23.41544 ], [ -46.672481, -23.419177 ], [ -46.668956, -23.418919 ], [ -46.664238, -23.423986 ], [ -46.659858, -23.426227 ], [ -46.656432, -23.430942 ], [ -46.642444, -23.427529 ], [ -46.635727, -23.4276 ], [ -46.634253, -23.429275 ], [ -46.631351, -23.428271 ], [ -46.627187, -23.423221 ], [ -46.621506, -23.422491 ], [ -46.623173, -23.416599 ], [ -46.619336, -23.418341 ], [ -46.612607, -23.417355 ], [ -46.61436, -23.412173 ], [ -46.611447, -23.410183 ], [ -46.611771, -23.406057 ], [ -46.60585, -23.398033 ], [ -46.59874, -23.394412 ], [ -46.600605, -23.38844 ], [ -46.585516, -23.380305 ], [ -46.583275, -23.377444 ], [ -46.581009, -23.376949 ], [ -46.579913, -23.373802 ], [ -46.56852, -23.375736 ], [ -46.565401, -23.370811 ], [ -46.560155, -23.368655 ], [ -46.555169, -23.363804 ], [ -46.551805, -23.357677 ], [ -46.549325, -23.356294 ] ] ] } },
{ "type": "Feature", "properties": { "code_muni": 3552502.0, "name_muni": "Suzano", "code_state": 35.0, "abbrev_sta": "SP", "name_state": "São Paulo", "code_regio": 3.0, "name_regio": "Sudeste" }, "geometry": { "type": "Polygon", "coordinates": [ [ [ -46.2873803, -23.4888726 ], [ -46.2707472, -23.485395 ], [ -46.2678035, -23.4857836 ], [ -46.265309, -23.48834 ], [ -46.264157, -23.494961 ], [ -46.265453, -23.500491 ], [ -46.269148, -23.504359 ], [ -46.268085, -23.510368 ], [ -46.269493, -23.512798 ], [ -46.267403, -23.513862 ], [ -46.266103, -23.519685 ], [ -46.262171, -23.524248 ], [ -46.2647272, -23.5319951 ], [ -46.2633127, -23.5344138 ], [ -46.2693149, -23.5374244 ], [ -46.26814, -23.5396505 ], [ -46.2704845, -23.5398748 ], [ -46.2713253, -23.5448912 ], [ -46.2795029, -23.5459422 ], [ -46.2813584, -23.5509461 ], [ -46.2788033, -23.5550879 ], [ -46.28071, -23.5563134 ], [ -46.280513, -23.5590919 ], [ -46.2849831, -23.5659566 ], [ -46.2816925, -23.5703585 ], [ -46.279024, -23.578797 ], [ -46.2681, -23.592244 ], [ -46.265024, -23.600745 ], [ -46.266196, -23.60369 ], [ -46.263578, -23.609143 ], [ -46.2590012, -23.6117845 ], [ -46.2618649, -23.6150344 ], [ -46.2614609, -23.6205378 ], [ -46.2646962, -23.6285073 ], [ -46.263451, -23.6307459 ], [ -46.264289, -23.631806 ], [ -46.2623611, -23.6318187 ], [ -46.2591736, -23.6349331 ], [ -46.2595802, -23.6374996 ], [ -46.2570522, -23.6401957 ], [ -46.2583775, -23.6418007 ], [ -46.257345, -23.646082 ], [ -46.2543625, -23.6502069 ], [ -46.257943, -23.6564528 ], [ -46.2573928, -23.6596093 ], [ -46.2587122, -23.6599691 ], [ -46.2576532, -23.6625025 ], [ -46.2590259, -23.6663288 ], [ -46.2571614, -23.6678577 ], [ -46.2582402, -23.6700959 ], [ -46.2602376, -23.6695371 ], [ -46.2604928, -23.6735194 ], [ -46.264565, -23.676612 ], [ -46.267443, -23.683 ], [ -46.265987, -23.684405 ], [ -46.266788, -23.685737 ], [ -46.270745, -23.688835 ], [ -46.277843, -23.690907 ], [ -46.297077, -23.703516 ], [ -46.297867, -23.704863 ], [ -46.295194, -23.71091 ], [ -46.29673, -23.715217 ], [ -46.295155, -23.717964 ], [ -46.297186, -23.72318 ], [ -46.306816, -23.731971 ], [ -46.308018, -23.735926 ], [ -46.312724, -23.740584 ], [ -46.321115, -23.744579 ], [ -46.32162, -23.743742 ], [ -46.316958, -23.739671 ], [ -46.317309, -23.736967 ], [ -46.322254, -23.735448 ], [ -46.32809, -23.728387 ], [ -46.326636, -23.727676 ], [ -46.327298, -23.725454 ], [ -46.325991, -23.723973 ], [ -46.327312, -23.714247 ], [ -46.326442, -23.710966 ], [ -46.324606, -23.709722 ], [ -46.323737, -23.704102 ], [ -46.325578, -23.702473 ], [ -46.3284655, -23.7024921 ], [ -46.328662, -23.707387 ], [ -46.3307167, -23.7088721 ], [ -46.332252, -23.7039116 ], [ -46.331739, -23.696553 ], [ -46.33665, -23.689714 ], [ -46.3367189, -23.6817377 ], [ -46.338486, -23.677881 ], [ -46.347597, -23.670717 ], [ -46.350047, -23.666808 ], [ -46.35618, -23.663606 ], [ -46.358297, -23.660497 ], [ -46.354849, -23.651401 ], [ -46.355299, -23.649635 ], [ -46.353139, -23.648294 ], [ -46.354515, -23.645575 ], [ -46.353585, -23.642418 ], [ -46.35706, -23.638501 ], [ -46.368402, -23.643937 ], [ -46.372039, -23.644198 ], [ -46.373966, -23.642938 ], [ -46.37829, -23.63608 ], [ -46.383416, -23.617663 ], [ -46.377637, -23.611025 ], [ -46.37298, -23.608754 ], [ -46.365657, -23.590737 ], [ -46.362909, -23.587567 ], [ -46.362573, -23.583797 ], [ -46.359594, -23.581921 ], [ -46.355775, -23.581696 ], [ -46.3550533, -23.5767044 ], [ -46.3531251, -23.5739883 ], [ -46.3498144, -23.5738521 ], [ -46.3424429, -23.5614631 ], [ -46.3412713, -23.5469621 ], [ -46.3313784, -23.5387648 ], [ -46.331269, -23.5318562 ], [ -46.3292675, -23.5294809 ], [ -46.3284374, -23.5223771 ], [ -46.329936, -23.520245 ], [ -46.327919, -23.516588 ], [ -46.324968, -23.515646 ], [ -46.326691, -23.514784 ], [ -46.3243726, -23.511846 ], [ -46.326313, -23.511082 ], [ -46.326151, -23.509443 ], [ -46.3276766, -23.5107627 ], [ -46.32935, -23.507888 ], [ -46.330414, -23.500114 ], [ -46.3321343, -23.5011442 ], [ -46.333329, -23.499429 ], [ -46.333809699999989, -23.5013865 ], [ -46.3343841, -23.5002965 ], [ -46.3360302, -23.5007535 ], [ -46.334313, -23.497399 ], [ -46.335461, -23.495392 ], [ -46.334078, -23.495094 ], [ -46.334251, -23.493336 ], [ -46.332552, -23.494092 ], [ -46.3331335, -23.4919127 ], [ -46.331114, -23.488948 ], [ -46.328532, -23.488615 ], [ -46.3141544, -23.4927808 ], [ -46.3093064, -23.4916128 ], [ -46.306448, -23.49253 ], [ -46.3039928, -23.495696 ], [ -46.2985752, -23.4963848 ], [ -46.2873803, -23.4888726 ] ] ] } },
{ "type": "Feature", "properties": { "code_muni": 3552809.0, "name_muni": "Taboão da Serra", "code_state": 35.0, "abbrev_sta": "SP", "name_state": "São Paulo", "code_regio": 3.0, "name_regio": "Sudeste" }, "geometry": { "type": "Polygon", "coordinates": [ [ [ -46.760685, -23.594916 ], [ -46.7573, -23.599783 ], [ -46.751443, -23.601946 ], [ -46.749202, -23.604443 ], [ -46.751703, -23.606617 ], [ -46.752467, -23.610514 ], [ -46.760391, -23.614929 ], [ -46.761002, -23.617417 ], [ -46.769133, -23.627158 ], [ -46.776292, -23.630704 ], [ -46.777438, -23.635135 ], [ -46.784921, -23.638399 ], [ -46.79256, -23.647148 ], [ -46.821622, -23.635856 ], [ -46.818574, -23.636327 ], [ -46.816575, -23.63508 ], [ -46.815656, -23.631911 ], [ -46.8094212, -23.6259447 ], [ -46.8120611, -23.6240153 ], [ -46.809392, -23.618062 ], [ -46.812708, -23.613375 ], [ -46.8094742, -23.6093052 ], [ -46.79986, -23.60772 ], [ -46.798234, -23.604793 ], [ -46.79445, -23.606483 ], [ -46.791413, -23.605267 ], [ -46.789322, -23.60647 ], [ -46.784259, -23.603651 ], [ -46.780691, -23.604046 ], [ -46.779168, -23.602197 ], [ -46.775523, -23.603005 ], [ -46.772914, -23.599859 ], [ -46.768838, -23.600259 ], [ -46.763622, -23.5983 ], [ -46.760685, -23.594916 ] ] ] } },
{ "type": "Feature", "properties": { "code_muni": 3556453.0, "name_muni": "Vargem Grande Paulista", "code_state": 35.0, "abbrev_sta": "SP", "name_state": "São Paulo", "code_regio": 3.0, "name_regio": "Sudeste" }, "geometry": { "type": "Polygon", "coordinates": [ [ [ -47.008187, -23.57794 ], [ -47.0043586, -23.58 ], [ -46.996821, -23.5795 ], [ -47.000183, -23.587144 ], [ -46.999194, -23.593545 ], [ -46.9921, -23.594657 ], [ -46.989251, -23.599709 ], [ -46.989481, -23.602638 ], [ -46.984875, -23.602754 ], [ -46.982778, -23.601194 ], [ -46.981456, -23.602158 ], [ -46.985457, -23.607313 ], [ -46.990653, -23.609757 ], [ -46.988101, -23.6126545 ], [ -46.9893641, -23.6178108 ], [ -46.987193, -23.632984 ], [ -46.988943, -23.634461 ], [ -46.9898298, -23.6412699 ], [ -46.9921105, -23.6455978 ], [ -46.9911295, -23.6484536 ], [ -46.985721, -23.654321 ], [ -46.986829, -23.655516 ], [ -46.986339, -23.658224 ], [ -46.988979, -23.659981 ], [ -46.988079, -23.665149 ], [ -46.992319, -23.666812 ], [ -46.994687, -23.670855 ], [ -46.996524, -23.668303 ], [ -46.996592, -23.661464 ], [ -47.004291, -23.662252 ], [ -47.011981, -23.656004 ], [ -47.017429, -23.656699 ], [ -47.019792, -23.65418 ], [ -47.023978, -23.64391 ], [ -47.033678, -23.643514 ], [ -47.036528, -23.640216 ], [ -47.043524, -23.636547 ], [ -47.045147, -23.631458 ], [ -47.052233, -23.630789 ], [ -47.055853, -23.628408 ], [ -47.059025, -23.628348 ], [ -47.0555993, -23.618002 ], [ -47.0528096, -23.6172336 ], [ -47.0493929, -23.6188388 ], [ -47.0470199, -23.6164655 ], [ -47.0473341, -23.613999 ], [ -47.0412205, -23.6105741 ], [ -47.0408521, -23.6073092 ], [ -47.0363956, -23.6012063 ], [ -47.0372933, -23.5989123 ], [ -47.0348291, -23.5969545 ], [ -47.031181, -23.5889544 ], [ -47.0322827, -23.5855115 ], [ -47.03153, -23.582535 ], [ -47.028074, -23.581317 ], [ -47.022511, -23.581956 ], [ -47.020191, -23.58598 ], [ -47.015331, -23.58116 ], [ -47.010106, -23.5803 ], [ -47.008187, -23.57794 ] ] ] } }
]
}
